player_club_id,season,player,nationality_code,position_raw,primary_position,club,age,birth_year,matches,starts,minutes,nineties,goals,assists,non_penalty_goals,penalties_scored,penalties_attempted,yellow_cards,red_cards,shots,shots_on_target,shot_on_target_pct,goals_per_shot,goals_per_shot_on_target,minutes_per_match,team_minutes_pct,minutes_per_start,completed_matches,sub_appearances,unused_sub,points_per_match,team_goals_while_on_pitch,team_goals_against_while_on_pitch,plus_minus,plus_minus_per90,on_off_per90,crosses,tackles_won,interceptions,fouls_committed,fouls_drawn,offsides,own_goals,goals_against_gk,goals_against_per90_gk,shots_on_target_against_gk,saves_gk,save_pct_gk,wins_gk,draws_gk,losses_gk,clean_sheets_gk,clean_sheet_pct_gk,penalties_faced_gk,penalties_allowed_gk,penalties_saved_gk,position_group,position_group_ko,age_group,goal_contributions,goals_per90,assists_per90,goal_contributions_per90,non_penalty_goals_per90,shots_per90,shots_on_target_per90,crosses_per90,tackles_won_per90,interceptions_per90,fouls_committed_per90,fouls_drawn_per90,shot_conversion_pct,ranking_eligible_450min,ranking_eligible_900min,sample_size_group,is_goalkeeper,multi_club_player,stat_coverage_pct,bis_raw,bis_reliability,bis_score,bis_position_rank,bis_version
202526_maximilian_mittelstadt_vfb_stuttgart,2025-2026,Maximilian Mittelstädt,GER,"DF,MF",DF,VfB Stuttgart,28,1997,32,24,2186,24.2889,6,4,2,4,4,4,0,31,16,0.516,0.06,0.13,68,0.714,84.0,12,8,1,1.75,49,29,20,0.82,0.62,122,42,35,11,26,2,0,,,,,,,,,,,,,,Defender,수비수,26-29,10,0.247,0.1647,0.4117,0.0823,1.2763,0.6587,5.0229,1.7292,1.441,0.4529,1.0704,0.1935,True,True,Regular (900+ min),False,False,1.0,86.12087912087914,1.0,86.12087912087914,1,v1_position_percentile_900min
202526_nicolas_capaldo_hamburger_sv,2025-2026,Nicolás Capaldo,ARG,"DF,MF",DF,Hamburger SV,26,1998,26,24,2001,22.2333,1,3,1,0,0,10,0,22,6,0.273,0.05,0.17,77,0.654,82.0,12,2,1,1.04,27,34,-7,-0.31,0.28,21,46,35,31,46,2,0,,,,,,,,,,,,,,Defender,수비수,26-29,4,0.045,0.1349,0.1799,0.045,0.9895,0.2699,0.9445,2.069,1.5742,1.3943,2.069,0.0455,True,True,Regular (900+ min),False,False,1.0,73.1758241758242,1.0,73.1758241758242,2,v1_position_percentile_900min
202526_lukas_kubler_sc_freiburg,2025-2026,Lukas Kübler,GER,DF,DF,SC Freiburg,32,1992,23,19,1587,17.6333,2,2,2,0,0,3,0,19,5,0.263,0.11,0.4,69,0.519,79.0,9,4,4,1.43,33,35,-2,-0.11,0.13,30,25,31,20,11,6,0,,,,,,,,,,,,,,Defender,수비수,30+,4,0.1134,0.1134,0.2268,0.1134,1.0775,0.2836,1.7013,1.4178,1.758,1.1342,0.6238,0.1053,True,True,Regular (900+ min),False,False,1.0,73.9010989010989,0.8816666666666667,71.0728021978022,3,v1_position_percentile_900min
202526_philipp_sander_borussia_monchengladbach,2025-2026,Philipp Sander,GER,"DF,MF",DF,Borussia Mönchengladbach,27,1998,30,29,2445,27.1667,2,0,2,0,0,4,0,25,8,0.32,0.08,0.25,82,0.799,83.0,18,1,1,1.0,35,39,-4,-0.15,0.88,28,42,50,28,14,0,1,,,,,,,,,,,,,,Defender,수비수,26-29,2,0.0736,0.0,0.0736,0.0736,0.9202,0.2945,1.0307,1.546,1.8405,1.0307,0.5153,0.08,True,True,Regular (900+ min),False,False,1.0,71.06593406593407,1.0,71.06593406593407,4,v1_position_percentile_900min
202526_david_raum_rb_leipzig,2025-2026,David Raum,GER,DF,DF,RB Leipzig,27,1998,30,29,2553,28.3667,3,7,2,1,1,6,0,24,8,0.333,0.08,0.25,85,0.834,88.0,25,1,1,2.03,57,34,23,0.81,1.52,250,35,33,29,17,6,0,,,,,,,,,,,,,,Defender,수비수,26-29,10,0.1058,0.2468,0.3525,0.0705,0.8461,0.282,8.8132,1.2338,1.1633,1.0223,0.5993,0.125,True,True,Regular (900+ min),False,False,1.0,69.5054945054945,1.0,69.5054945054945,5,v1_position_percentile_900min
202526_albian_hajdari_tsg_hoffenheim,2025-2026,Albian Hajdari,KVX,DF,DF,TSG Hoffenheim,22,2003,30,28,2434,27.0444,1,2,1,0,0,10,0,19,4,0.211,0.05,0.25,81,0.795,85.0,20,2,1,1.77,52,37,15,0.55,0.84,19,38,42,43,23,0,0,,,,,,,,,,,,,,Defender,수비수,22-25,3,0.037,0.074,0.1109,0.037,0.7025,0.1479,0.7025,1.4051,1.553,1.59,0.8505,0.0526,True,True,Regular (900+ min),False,False,1.0,69.28571428571428,1.0,69.28571428571428,6,v1_position_percentile_900min
202526_ridle_baku_rb_leipzig,2025-2026,Ridle Baku,GER,DF,DF,RB Leipzig,27,1998,32,28,2504,27.8222,2,3,2,0,0,4,0,30,6,0.2,0.07,0.33,78,0.818,86.0,14,4,0,1.94,50,36,14,0.5,-0.31,59,40,31,23,22,4,0,,,,,,,,,,,,,,Defender,수비수,26-29,5,0.0719,0.1078,0.1797,0.0719,1.0783,0.2157,2.1206,1.4377,1.1142,0.8267,0.7907,0.0667,True,True,Regular (900+ min),False,False,1.0,68.26373626373626,1.0,68.26373626373626,7,v1_position_percentile_900min
202526_nnamdi_collins_eintracht_frankfurt,2025-2026,Nnamdi Collins,GER,DF,DF,Eintracht Frankfurt,21,2004,23,16,1500,16.6667,1,2,1,0,0,4,0,4,1,0.25,0.25,1.0,65,0.49,85.0,12,7,3,1.57,38,32,6,0.36,0.94,4,38,24,22,19,0,0,,,,,,,,,,,,,,Defender,수비수,U21,3,0.06,0.12,0.18,0.06,0.24,0.06,0.24,2.28,1.44,1.32,1.14,0.25,True,True,Regular (900+ min),False,False,1.0,71.43956043956044,0.8333333333333334,67.86630036630036,8,v1_position_percentile_900min
202526_kim_min_jae_bayern_munchen,2025-2026,Kim Min-jae,KOR,DF,DF,Bayern München,28,1996,25,19,1602,17.8,1,1,1,0,0,1,0,5,3,0.6,0.2,0.33,64,0.524,82.0,11,6,5,2.56,57,21,36,2.02,-1.06,1,19,38,9,3,0,0,,,,,,,,,,,,,,Defender,수비수,26-29,2,0.0562,0.0562,0.1124,0.0562,0.2809,0.1685,0.0562,1.0674,2.1348,0.5056,0.1685,0.2,True,True,Regular (900+ min),False,False,1.0,68.63736263736264,0.89,66.58725274725275,9,v1_position_percentile_900min
202526_vladimir_coufal_tsg_hoffenheim,2025-2026,Vladimír Coufal,CZE,"DF,MF",DF,TSG Hoffenheim,32,1992,34,34,3012,33.4667,1,8,1,0,0,4,0,26,6,0.231,0.04,0.17,89,0.984,89.0,28,0,0,1.79,64,50,14,0.42,2.29,209,35,39,32,42,1,0,,,,,,,,,,,,,,Defender,수비수,30+,9,0.0299,0.239,0.2689,0.0299,0.7769,0.1793,6.245,1.0458,1.1653,0.9562,1.255,0.0385,True,True,Regular (900+ min),False,False,1.0,66.15384615384615,1.0,66.15384615384615,10,v1_position_percentile_900min
202526_dominik_kohr_mainz_05,2025-2026,Dominik Kohr,GER,DF,DF,Mainz 05,31,1994,29,28,2338,25.9778,2,0,2,0,0,11,2,15,4,0.267,0.13,0.5,81,0.764,83.0,19,1,0,1.24,35,40,-5,-0.19,0.31,17,35,44,40,43,1,0,,,,,,,,,,,,,,Defender,수비수,30+,2,0.077,0.0,0.077,0.077,0.5774,0.154,0.6544,1.3473,1.6938,1.5398,1.6553,0.1333,True,True,Regular (900+ min),False,False,1.0,64.15384615384616,1.0,64.15384615384616,11,v1_position_percentile_900min
202526_stefan_posch_mainz_05,2025-2026,Stefan Posch,AUT,DF,DF,Mainz 05,28,1997,16,16,1395,15.5,0,0,0,0,0,4,0,11,3,0.273,0.0,0.0,87,0.456,87.0,15,0,0,1.75,26,22,4,0.26,0.96,11,22,21,8,12,1,0,,,,,,,,,,,,,,Defender,수비수,26-29,0,0.0,0.0,0.0,0.0,0.7097,0.1935,0.7097,1.4194,1.3548,0.5161,0.7742,0.0,True,True,Regular (900+ min),False,False,1.0,67.29670329670331,0.775,63.40494505494507,12,v1_position_percentile_900min
202526_hannes_behrens_1_fc_heidenheim,2025-2026,Hannes Behrens,GER,"DF,MF",DF,1. FC Heidenheim,20,2005,16,15,1318,14.6444,1,2,1,0,0,0,0,9,4,0.444,0.11,0.25,82,0.431,87.0,13,1,0,0.81,23,29,-6,-0.41,0.88,59,18,18,5,27,1,1,,,,,,,,,,,,,,Defender,수비수,U21,3,0.0683,0.1366,0.2049,0.0683,0.6146,0.2731,4.0288,1.2291,1.2291,0.3414,1.8437,0.1111,True,True,Regular (900+ min),False,False,1.0,68.21978021978022,0.7322222222222222,63.34092796092796,13,v1_position_percentile_900min
202526_bernardo_tsg_hoffenheim,2025-2026,Bernardo,BRA,DF,DF,TSG Hoffenheim,30,1995,29,26,2312,25.6889,0,0,0,0,0,9,0,10,0,0.0,0.0,,80,0.756,86.0,17,3,1,1.76,45,35,10,0.39,0.03,16,42,39,42,11,2,0,,,,,,,,,,,,,,Defender,수비수,30+,0,0.0,0.0,0.0,0.0,0.3893,0.0,0.6228,1.6349,1.5182,1.6349,0.4282,0.0,True,True,Regular (900+ min),False,False,0.9846,62.92307692307693,1.0,62.92307692307693,14,v1_position_percentile_900min
202526_tom_bischof_bayern_munchen,2025-2026,Tom Bischof,GER,"DF,MF",DF,Bayern München,20,2005,26,14,1302,14.4667,3,3,3,0,0,2,0,30,9,0.3,0.1,0.33,50,0.425,83.0,10,12,3,2.65,53,13,40,2.76,0.41,26,18,15,15,9,1,0,,,,,,,,,,,,,,Defender,수비수,U21,6,0.2074,0.2074,0.4147,0.2074,2.0737,0.6221,1.7972,1.2442,1.0369,1.0369,0.6221,0.1,True,True,Regular (900+ min),False,False,1.0,66.83516483516485,0.7233333333333334,62.177435897435906,15,v1_position_percentile_900min
202526_nico_schlotterbeck_borussia_dortmund,2025-2026,Nico Schlotterbeck,GER,DF,DF,Borussia Dortmund,25,1999,28,28,2520,28.0,5,1,5,0,0,8,0,32,9,0.281,0.16,0.56,90,0.824,90.0,28,0,0,2.11,55,29,26,0.93,-0.74,31,38,24,30,27,1,0,,,,,,,,,,,,,,Defender,수비수,22-25,6,0.1786,0.0357,0.2143,0.1786,1.1429,0.3214,1.1071,1.3571,0.8571,1.0714,0.9643,0.1562,True,True,Regular (900+ min),False,False,1.0,61.93406593406593,1.0,61.93406593406593,16,v1_position_percentile_900min
202526_marnon_busch_1_fc_heidenheim,2025-2026,Marnon Busch,GER,"DF,MF",DF,1. FC Heidenheim,30,1994,29,20,1915,21.2778,1,5,1,0,0,4,0,12,3,0.25,0.08,0.33,66,0.626,85.0,13,9,2,0.76,26,43,-17,-0.8,0.3,61,24,34,18,8,1,0,,,,,,,,,,,,,,Defender,수비수,30+,6,0.047,0.235,0.282,0.047,0.564,0.141,2.8668,1.1279,1.5979,0.846,0.376,0.0833,True,True,Regular (900+ min),False,False,1.0,61.0,1.0,61.0,17,v1_position_percentile_900min
202526_amos_pieper_werder_bremen,2025-2026,Amos Pieper,GER,DF,DF,Werder Bremen,27,1998,19,19,1502,16.6889,0,0,0,0,0,4,0,8,2,0.25,0.0,0.0,79,0.491,79.0,15,0,3,0.79,18,29,-11,-0.66,0.03,8,24,26,10,14,2,0,,,,,,,,,,,,,,Defender,수비수,26-29,0,0.0,0.0,0.0,0.0,0.4794,0.1198,0.4794,1.4381,1.5579,0.5992,0.8389,0.0,True,True,Regular (900+ min),False,False,1.0,62.681318681318686,0.8344444444444444,60.581855921855926,18,v1_position_percentile_900min
202526_dayot_upamecano_bayern_munchen,2025-2026,Dayot Upamecano,FRA,DF,DF,Bayern München,26,1998,24,21,1794,19.9333,1,1,1,0,0,4,0,8,2,0.25,0.13,0.5,75,0.586,81.0,13,3,7,2.75,77,19,58,2.91,0.92,7,26,21,15,5,0,0,,,,,,,,,,,,,,Defender,수비수,26-29,2,0.0502,0.0502,0.1003,0.0502,0.4013,0.1003,0.3512,1.3043,1.0535,0.7525,0.2508,0.125,True,True,Regular (900+ min),False,False,1.0,60.36263736263736,0.9966666666666667,60.32809523809523,19,v1_position_percentile_900min
202526_josip_stanisic_bayern_munchen,2025-2026,Josip Stanišić,CRO,DF,DF,Bayern München,25,2000,26,19,1857,20.6333,2,3,2,0,0,1,0,7,4,0.571,0.29,0.5,71,0.607,86.0,15,7,1,2.62,78,23,55,2.67,0.35,36,21,18,8,11,4,0,,,,,,,,,,,,,,Defender,수비수,22-25,5,0.0969,0.1454,0.2423,0.0969,0.3393,0.1939,1.7447,1.0178,0.8724,0.3877,0.5331,0.2857,True,True,Regular (900+ min),False,False,1.0,58.64835164835165,1.0,58.64835164835165,20,v1_position_percentile_900min
202526_waldemar_anton_borussia_dortmund,2025-2026,Waldemar Anton,GER,DF,DF,Borussia Dortmund,29,1996,32,32,2880,32.0,2,0,2,0,0,3,0,16,6,0.375,0.13,0.33,90,0.941,90.0,32,0,0,2.16,67,33,34,1.06,0.06,12,42,33,26,16,0,0,,,,,,,,,,,,,,Defender,수비수,26-29,2,0.0625,0.0,0.0625,0.0625,0.5,0.1875,0.375,1.3125,1.0312,0.8125,0.5,0.125,True,True,Regular (900+ min),False,False,1.0,58.62637362637364,1.0,58.62637362637364,21,v1_position_percentile_900min
202526_willi_orban_rb_leipzig,2025-2026,Willi Orban,HUN,DF,DF,RB Leipzig,32,1992,33,33,2949,32.7667,2,0,2,0,0,4,0,20,9,0.45,0.1,0.22,89,0.964,89.0,32,0,0,1.88,63,46,17,0.52,-1.1,8,33,45,20,23,2,0,,,,,,,,,,,,,,Defender,수비수,30+,2,0.061,0.0,0.061,0.061,0.6104,0.2747,0.2442,1.0071,1.3733,0.6104,0.7019,0.1,True,True,Regular (900+ min),False,False,1.0,58.18681318681318,1.0,58.18681318681318,22,v1_position_percentile_900min
202526_rasmus_kristensen_eintracht_frankfurt,2025-2026,Rasmus Kristensen,DEN,"DF,MF",DF,Eintracht Frankfurt,28,1997,22,19,1538,17.0889,2,0,2,0,0,6,1,15,6,0.4,0.13,0.33,70,0.503,79.0,12,3,0,1.36,27,30,-3,-0.18,-0.12,33,33,19,24,10,3,0,,,,,,,,,,,,,,Defender,수비수,26-29,2,0.117,0.0,0.117,0.117,0.8778,0.3511,1.9311,1.9311,1.1118,1.4044,0.5852,0.1333,True,True,Regular (900+ min),False,False,1.0,57.82417582417582,0.8544444444444445,56.68532356532356,23,v1_position_percentile_900min
202526_konrad_laimer_bayern_munchen,2025-2026,Konrad Laimer,AUT,DF,DF,Bayern München,28,1997,29,22,1994,22.1556,3,9,3,0,0,9,0,17,8,0.471,0.18,0.38,69,0.652,80.0,12,7,0,2.72,86,20,66,2.98,1.29,38,25,17,29,9,4,0,,,,,,,,,,,,,,Defender,수비수,26-29,12,0.1354,0.4062,0.5416,0.1354,0.7673,0.3611,1.7151,1.1284,0.7673,1.3089,0.4062,0.1765,True,True,Regular (900+ min),False,False,1.0,56.450549450549445,1.0,56.450549450549445,24,v1_position_percentile_900min
202526_adam_dzwigaa_fc_st_pauli,2025-2026,Adam Dźwigała,POL,DF,DF,FC St. Pauli,29,1995,19,14,1288,14.3111,1,1,1,0,0,5,0,4,2,0.5,0.25,0.5,68,0.421,79.0,5,5,9,0.95,13,24,-11,-0.77,0.25,2,27,25,20,6,0,0,,,,,,,,,,,,,,Defender,수비수,26-29,2,0.0699,0.0699,0.1398,0.0699,0.2795,0.1398,0.1398,1.8866,1.7469,1.3975,0.4193,0.25,True,True,Regular (900+ min),False,False,1.0,58.978021978021985,0.7155555555555555,56.42427350427351,25,v1_position_percentile_900min
202526_tim_siersleben_1_fc_heidenheim,2025-2026,Tim Siersleben,GER,DF,DF,1. FC Heidenheim,25,2000,15,12,1081,12.0111,0,0,0,0,0,2,0,5,3,0.6,0.0,0.0,72,0.353,85.0,9,3,16,0.73,16,29,-13,-1.08,-0.26,13,16,21,13,13,1,0,,,,,,,,,,,,,,Defender,수비수,22-25,0,0.0,0.0,0.0,0.0,0.4163,0.2498,1.0823,1.3321,1.7484,1.0823,1.0823,0.0,True,True,Regular (900+ min),False,False,1.0,58.8901098901099,0.6005555555555555,55.339004884004886,26,v1_position_percentile_900min
202526_lorenz_assignon_vfb_stuttgart,2025-2026,Lorenz Assignon,TOG,"DF,MF",DF,VfB Stuttgart,25,2000,24,12,1094,12.1556,0,0,0,0,0,3,1,12,4,0.333,0.0,0.0,46,0.358,80.0,4,12,6,2.0,28,13,15,1.23,0.91,40,15,15,19,7,1,0,,,,,,,,,,,,,,Defender,수비수,22-25,0,0.0,0.0,0.0,0.0,0.9872,0.3291,3.2907,1.234,1.234,1.5631,0.5759,0.0,True,True,Regular (900+ min),False,False,1.0,58.78021978021979,0.6077777777777778,55.33642246642247,27,v1_position_percentile_900min
202526_kristoffer_lund_1_fc_koln,2025-2026,Kristoffer Lund,USA,"DF,MF",DF,1. FC Köln,23,2002,33,26,2276,25.2889,0,2,0,0,0,2,0,20,3,0.15,0.0,0.0,69,0.744,81.0,12,7,1,0.97,35,47,-12,-0.47,-0.24,83,26,28,13,40,3,0,,,,,,,,,,,,,,Defender,수비수,22-25,2,0.0,0.0791,0.0791,0.0,0.7909,0.1186,3.2821,1.0281,1.1072,0.5141,1.5817,0.0,True,True,Regular (900+ min),False,False,1.0,55.01098901098902,1.0,55.01098901098902,28,v1_position_percentile_900min
202526_kacper_potulski_mainz_05,2025-2026,Kacper Potulski,POL,DF,DF,Mainz 05,17,2007,15,9,1065,11.8333,1,0,1,0,0,3,0,14,5,0.357,0.07,0.2,71,0.348,88.0,8,6,9,1.67,14,17,-3,-0.25,0.02,2,15,19,17,5,0,0,,,,,,,,,,,,,,Defender,수비수,U21,1,0.0845,0.0,0.0845,0.0845,1.1831,0.4225,0.169,1.2676,1.6056,1.4366,0.4225,0.0714,True,True,Regular (900+ min),False,False,1.0,58.40659340659341,0.5916666666666667,54.9739010989011,29,v1_position_percentile_900min
202526_jonas_fohrenbach_1_fc_heidenheim,2025-2026,Jonas Föhrenbach,GER,"DF,MF",DF,1. FC Heidenheim,29,1996,27,25,2325,25.8333,1,1,1,0,0,3,0,6,1,0.167,0.17,1.0,86,0.76,88.0,22,2,4,0.93,34,51,-17,-0.66,1.06,78,27,33,16,18,1,0,,,,,,,,,,,,,,Defender,수비수,26-29,2,0.0387,0.0387,0.0774,0.0387,0.2323,0.0387,3.0194,1.0452,1.2774,0.6194,0.6968,0.1667,True,True,Regular (900+ min),False,False,1.0,54.90109890109891,1.0,54.90109890109891,30,v1_position_percentile_900min
202526_olivier_deman_werder_bremen,2025-2026,Olivier Deman,BEL,"DF,MF",DF,Werder Bremen,25,2000,16,14,1254,13.9333,1,2,1,0,0,3,0,10,3,0.3,0.1,0.33,78,0.41,86.0,12,2,4,0.88,15,21,-6,-0.43,0.42,63,26,10,19,12,3,0,,,,,,,,,,,,,,Defender,수비수,22-25,3,0.0718,0.1435,0.2153,0.0718,0.7177,0.2153,4.5215,1.866,0.7177,1.3636,0.8612,0.1,True,True,Regular (900+ min),False,False,1.0,54.85714285714286,0.6966666666666667,53.383809523809525,31,v1_position_percentile_900min
202526_warmed_omari_hamburger_sv,2025-2026,Warmed Omari,COM,DF,DF,Hamburger SV,25,2000,20,17,1605,17.8333,0,1,0,0,0,0,0,3,1,0.333,0.0,0.0,80,0.525,87.0,12,3,0,1.1,19,28,-9,-0.5,-0.2,4,19,28,16,11,0,0,,,,,,,,,,,,,,Defender,수비수,22-25,1,0.0,0.0561,0.0561,0.0,0.1682,0.0561,0.2243,1.0654,1.5701,0.8972,0.6168,0.0,True,True,Regular (900+ min),False,False,1.0,53.56043956043956,0.8916666666666667,53.174725274725276,32,v1_position_percentile_900min
202526_robert_andrich_bayer_leverkusen,2025-2026,Robert Andrich,GER,"DF,MF",DF,Bayer Leverkusen,30,1994,32,29,2546,28.2889,2,0,2,0,0,6,1,12,3,0.25,0.17,0.67,80,0.832,86.0,24,3,1,1.81,58,43,15,0.53,-0.52,13,30,33,30,22,0,0,,,,,,,,,,,,,,Defender,수비수,30+,2,0.0707,0.0,0.0707,0.0707,0.4242,0.106,0.4595,1.0605,1.1665,1.0605,0.7777,0.1667,True,True,Regular (900+ min),False,False,1.0,53.13186813186813,1.0,53.13186813186813,33,v1_position_percentile_900min
202526_lukas_ullrich_borussia_monchengladbach,2025-2026,Lukas Ullrich,GER,"DF,MF",DF,Borussia Mönchengladbach,21,2004,23,14,1305,14.5,0,0,0,0,0,2,0,10,2,0.2,0.0,0.0,57,0.426,79.0,5,9,11,0.78,19,29,-10,-0.69,-0.64,38,17,21,17,11,1,0,,,,,,,,,,,,,,Defender,수비수,U21,0,0.0,0.0,0.0,0.0,0.6897,0.1379,2.6207,1.1724,1.4483,1.1724,0.7586,0.0,True,True,Regular (900+ min),False,False,1.0,53.85714285714287,0.725,52.79642857142858,34,v1_position_percentile_900min
202526_diogo_leite_1_fc_union_berlin,2025-2026,Diogo Leite,POR,DF,DF,1. FC Union Berlin,26,1999,23,23,1963,21.8111,0,0,0,0,0,4,0,10,1,0.1,0.0,0.0,85,0.642,85.0,16,0,2,1.26,30,32,-2,-0.09,0.89,7,15,44,26,26,1,1,,,,,,,,,,,,,,Defender,수비수,26-29,0,0.0,0.0,0.0,0.0,0.4585,0.0458,0.3209,0.6877,2.0173,1.1921,1.1921,0.0,True,True,Regular (900+ min),False,False,1.0,52.7912087912088,1.0,52.7912087912088,35,v1_position_percentile_900min
202526_keven_schlotterbeck_fc_augsburg,2025-2026,Keven Schlotterbeck,GER,DF,DF,FC Augsburg,28,1997,24,22,2031,22.5667,0,1,0,0,1,7,1,12,3,0.25,0.0,0.0,85,0.664,90.0,21,2,7,1.29,29,36,-7,-0.31,0.48,6,25,33,25,20,1,0,,,,,,,,,,,,,,Defender,수비수,26-29,1,0.0,0.0443,0.0443,0.0,0.5318,0.1329,0.2659,1.1078,1.4623,1.1078,0.8863,0.0,True,True,Regular (900+ min),False,False,1.0,52.26373626373626,1.0,52.26373626373626,36,v1_position_percentile_900min
202526_ramy_bensebaini_borussia_dortmund,2025-2026,Ramy Bensebaini,ALG,DF,DF,Borussia Dortmund,30,1995,21,15,1530,17.0,5,2,3,2,2,6,0,17,7,0.412,0.18,0.43,73,0.5,89.0,14,6,4,2.05,35,13,22,1.29,0.47,11,14,18,31,16,1,0,,,,,,,,,,,,,,Defender,수비수,30+,7,0.2941,0.1176,0.4118,0.1765,1.0,0.4118,0.6471,0.8235,1.0588,1.8235,0.9412,0.2941,True,True,Regular (900+ min),False,False,1.0,51.88461538461539,0.85,51.60192307692308,37,v1_position_percentile_900min
202526_julian_chabot_vfb_stuttgart,2025-2026,Julian Chabot,GER,DF,DF,VfB Stuttgart,27,1998,27,26,2294,25.4889,0,0,0,0,0,3,0,18,7,0.389,0.0,0.0,85,0.75,88.0,23,1,5,1.81,55,37,18,0.71,0.24,1,20,40,35,40,0,1,,,,,,,,,,,,,,Defender,수비수,26-29,0,0.0,0.0,0.0,0.0,0.7062,0.2746,0.0392,0.7847,1.5693,1.3731,1.5693,0.0,True,True,Regular (900+ min),False,False,1.0,51.30769230769232,1.0,51.30769230769232,38,v1_position_percentile_900min
202526_sael_kumbedi_vfl_wolfsburg,2025-2026,Sael Kumbedi,FRA,"DF,MF",DF,VfL Wolfsburg,20,2005,24,20,1804,20.0444,0,5,0,0,0,2,0,5,0,0.0,0.0,,75,0.59,86.0,12,4,5,0.88,30,45,-15,-0.75,-0.1,41,33,14,21,18,4,0,,,,,,,,,,,,,,Defender,수비수,U21,5,0.0,0.2494,0.2494,0.0,0.2494,0.0,2.0455,1.6463,0.6984,1.0477,0.898,0.0,True,True,Regular (900+ min),False,False,0.9846,51.27472527472528,1.0,51.27472527472528,39,v1_position_percentile_900min
202526_hiroki_ito_bayern_munchen,2025-2026,Hiroki Ito,JPN,DF,DF,Bayern München,26,1999,16,10,920,10.2222,1,2,1,0,0,0,0,10,3,0.3,0.1,0.33,58,0.301,80.0,3,6,5,2.56,32,14,18,1.76,-1.1,7,3,13,10,3,0,0,,,,,,,,,,,,,,Defender,수비수,26-29,3,0.0978,0.1957,0.2935,0.0978,0.9783,0.2935,0.6848,0.2935,1.2717,0.9783,0.2935,0.1,True,True,Regular (900+ min),False,False,1.0,52.04395604395603,0.5111111111111111,51.044688644688634,40,v1_position_percentile_900min
202526_loic_bade_bayer_leverkusen,2025-2026,Loïc Bade,FRA,DF,DF,Bayer Leverkusen,25,2000,23,19,1653,18.3667,0,0,0,0,0,4,0,12,4,0.333,0.0,0.0,72,0.54,83.0,15,4,4,1.83,37,24,13,0.71,0.2,4,19,21,11,4,0,1,,,,,,,,,,,,,,Defender,수비수,22-25,0,0.0,0.0,0.0,0.0,0.6534,0.2178,0.2178,1.0345,1.1434,0.5989,0.2178,0.0,True,True,Regular (900+ min),False,False,1.0,51.13186813186813,0.9183333333333333,51.03943223443223,41,v1_position_percentile_900min
202526_arthur_theate_eintracht_frankfurt,2025-2026,Arthur Theate,BEL,DF,DF,Eintracht Frankfurt,25,2000,24,24,2141,23.7889,1,0,1,0,0,8,0,15,7,0.467,0.07,0.14,89,0.7,89.0,21,0,4,1.29,46,52,-6,-0.25,-0.45,13,21,34,15,13,1,0,,,,,,,,,,,,,,Defender,수비수,22-25,1,0.042,0.0,0.042,0.042,0.6305,0.2943,0.5465,0.8828,1.4292,0.6305,0.5465,0.0667,True,True,Regular (900+ min),False,False,1.0,50.97802197802198,1.0,50.97802197802198,42,v1_position_percentile_900min
202526_finn_jeltsch_vfb_stuttgart,2025-2026,Finn Jeltsch,GER,DF,DF,VfB Stuttgart,19,2006,23,17,1511,16.7889,0,1,0,0,0,3,0,3,0,0.0,0.0,,66,0.494,85.0,14,6,6,1.91,37,23,14,0.83,0.37,3,14,19,13,16,3,0,,,,,,,,,,,,,,Defender,수비수,U21,1,0.0,0.0596,0.0596,0.0,0.1787,0.0,0.1787,0.8339,1.1317,0.7743,0.953,0.0,True,True,Regular (900+ min),False,False,0.9846,50.73626373626373,0.8394444444444444,50.618052503052496,43,v1_position_percentile_900min
202526_kevin_diks_borussia_monchengladbach,2025-2026,Kevin Diks,IDN,DF,DF,Borussia Mönchengladbach,28,1996,30,28,2464,27.3778,5,0,1,4,4,6,0,23,13,0.565,0.04,0.08,82,0.805,87.0,23,2,0,1.2,40,43,-3,-0.11,1.1,5,30,24,15,22,1,0,,,,,,,,,,,,,,Defender,수비수,26-29,5,0.1826,0.0,0.1826,0.0365,0.8401,0.4748,0.1826,1.0958,0.8766,0.5479,0.8036,0.2174,True,True,Regular (900+ min),False,False,1.0,50.34065934065934,1.0,50.34065934065934,44,v1_position_percentile_900min
202526_josha_vagnoman_vfb_stuttgart,2025-2026,Josha Vagnoman,GER,"DF,MF",DF,VfB Stuttgart,24,2000,27,18,1587,17.6333,1,3,1,0,0,3,0,19,11,0.579,0.05,0.09,59,0.519,84.0,11,9,4,1.78,32,29,3,0.17,-0.99,33,19,3,17,16,1,0,,,,,,,,,,,,,,Defender,수비수,22-25,4,0.0567,0.1701,0.2268,0.0567,1.0775,0.6238,1.8715,1.0775,0.1701,0.9641,0.9074,0.0526,True,True,Regular (900+ min),False,False,1.0,50.252747252747255,0.8816666666666667,50.22283882783883,45,v1_position_percentile_900min
202526_jarell_quansah_bayer_leverkusen,2025-2026,Jarell Quansah,ENG,DF,DF,Bayer Leverkusen,22,2003,28,25,2299,25.5444,4,0,4,0,0,9,0,18,8,0.444,0.22,0.5,82,0.751,88.0,21,3,2,1.57,44,34,10,0.39,-0.91,22,22,26,18,21,1,0,,,,,,,,,,,,,,Defender,수비수,22-25,4,0.1566,0.0,0.1566,0.1566,0.7047,0.3132,0.8612,0.8612,1.0178,0.7047,0.8221,0.2222,True,True,Regular (900+ min),False,False,1.0,50.02197802197802,1.0,50.02197802197802,46,v1_position_percentile_900min
202526_luka_vuskovic_hamburger_sv,2025-2026,Luka Vušković,CRO,DF,DF,Hamburger SV,18,2007,28,27,2442,27.1333,6,0,5,1,1,6,0,32,10,0.313,0.16,0.5,87,0.798,90.0,26,1,1,1.29,35,41,-6,-0.22,0.94,2,17,40,29,32,1,0,,,,,,,,,,,,,,Defender,수비수,U21,6,0.2211,0.0,0.2211,0.1843,1.1794,0.3686,0.0737,0.6265,1.4742,1.0688,1.1794,0.1875,True,True,Regular (900+ min),False,False,1.0,49.51648351648351,1.0,49.51648351648351,47,v1_position_percentile_900min
202526_ozan_kabak_tsg_hoffenheim,2025-2026,Ozan Kabak,TUR,DF,DF,TSG Hoffenheim,25,2000,25,18,1751,19.4556,4,0,4,0,0,5,0,35,12,0.343,0.11,0.33,70,0.572,90.0,18,7,3,2.0,39,34,5,0.26,-0.29,2,17,26,26,8,0,0,,,,,,,,,,,,,,Defender,수비수,22-25,4,0.2056,0.0,0.2056,0.2056,1.799,0.6168,0.1028,0.8738,1.3364,1.3364,0.4112,0.1143,True,True,Regular (900+ min),False,False,1.0,48.78021978021979,0.9727777777777777,48.81342490842491,48,v1_position_percentile_900min
202526_stefan_bell_mainz_05,2025-2026,Stefan Bell,GER,DF,DF,Mainz 05,33,1991,18,13,1039,11.5444,2,1,2,0,0,4,0,12,5,0.417,0.17,0.4,58,0.34,71.0,6,5,5,1.06,18,21,-3,-0.26,0.01,1,6,19,15,8,1,0,,,,,,,,,,,,,,Defender,수비수,30+,3,0.1732,0.0866,0.2599,0.1732,1.0395,0.4331,0.0866,0.5197,1.6458,1.2993,0.693,0.1667,True,True,Regular (900+ min),False,False,1.0,47.72527472527472,0.5772222222222222,48.68697802197802,49,v1_position_percentile_900min
202526_philipp_treu_sc_freiburg,2025-2026,Philipp Treu,GER,"DF,MF",DF,SC Freiburg,24,2000,28,24,2186,24.2889,1,2,1,0,0,2,0,17,5,0.294,0.06,0.2,78,0.714,87.0,18,4,4,1.32,33,38,-5,-0.21,-0.1,32,27,7,20,37,2,0,,,,,,,,,,,,,,Defender,수비수,22-25,3,0.0412,0.0823,0.1235,0.0412,0.6999,0.2059,1.3175,1.1116,0.2882,0.8234,1.5233,0.0588,True,True,Regular (900+ min),False,False,1.0,48.582417582417584,1.0,48.582417582417584,50,v1_position_percentile_900min
202526_chrislain_matsima_fc_augsburg,2025-2026,Chrislain Matsima,FRA,DF,DF,FC Augsburg,23,2002,18,17,1489,16.5444,1,1,1,0,0,5,0,7,1,0.143,0.14,1.0,83,0.487,87.0,15,1,0,1.11,23,33,-10,-0.6,-0.26,4,11,30,10,4,0,0,,,,,,,,,,,,,,Defender,수비수,22-25,2,0.0604,0.0604,0.1209,0.0604,0.4231,0.0604,0.2418,0.6649,1.8133,0.6044,0.2418,0.1429,True,True,Regular (900+ min),False,False,1.0,48.0,0.8272222222222222,48.345555555555556,51,v1_position_percentile_900min
202526_jordy_makengo_sc_freiburg,2025-2026,Jordy Makengo,FRA,DF,DF,SC Freiburg,23,2001,20,12,1178,13.0889,0,1,0,0,0,1,0,0,0,,,,59,0.385,85.0,9,8,9,1.45,19,20,-1,-0.08,0.16,32,10,14,10,9,2,0,,,,,,,,,,,,,,Defender,수비수,22-25,1,0.0,0.0764,0.0764,0.0,0.0,0.0,2.4448,0.764,1.0696,0.764,0.6876,,True,True,Regular (900+ min),False,False,0.9385,47.38461538461539,0.6544444444444445,48.28837606837607,52,v1_position_percentile_900min
202526_konstantinos_koulierakis_vfl_wolfsburg,2025-2026,Konstantinos Koulierakis,GRE,DF,DF,VfL Wolfsburg,21,2003,29,27,2482,27.5778,4,1,4,0,0,5,0,26,12,0.462,0.15,0.33,86,0.811,90.0,26,2,3,1.0,38,54,-16,-0.58,0.67,20,25,35,29,13,0,1,,,,,,,,,,,,,,Defender,수비수,U21,5,0.145,0.0363,0.1813,0.145,0.9428,0.4351,0.7252,0.9065,1.2691,1.0516,0.4714,0.1538,True,True,Regular (900+ min),False,False,1.0,48.285714285714285,1.0,48.285714285714285,53,v1_position_percentile_900min
202526_tomoya_ando_fc_st_pauli,2025-2026,Tomoya Ando,JPN,DF,DF,FC St. Pauli,26,1999,15,14,1260,14.0,0,1,0,0,0,3,0,8,2,0.25,0.0,0.0,84,0.412,88.0,12,1,2,0.6,12,29,-17,-1.21,-0.51,6,23,14,12,12,0,0,,,,,,,,,,,,,,Defender,수비수,26-29,1,0.0,0.0714,0.0714,0.0,0.5714,0.1429,0.4286,1.6429,1.0,0.8571,0.8571,0.0,True,True,Regular (900+ min),False,False,1.0,47.06593406593406,0.7,47.94615384615384,54,v1_position_percentile_900min
202526_ramon_hendriks_vfb_stuttgart,2025-2026,Ramon Hendriks,NED,DF,DF,VfB Stuttgart,24,2001,31,22,2025,22.5,0,3,0,0,0,3,0,5,0,0.0,0.0,,65,0.662,86.0,17,9,2,1.77,50,38,12,0.53,-0.34,20,15,22,17,25,0,0,,,,,,,,,,,,,,Defender,수비수,22-25,3,0.0,0.1333,0.1333,0.0,0.2222,0.0,0.8889,0.6667,0.9778,0.7556,1.1111,0.0,True,True,Regular (900+ min),False,False,0.9846,47.67032967032967,1.0,47.67032967032967,55,v1_position_percentile_900min
202526_cenk_ozkacar_1_fc_koln,2025-2026,Cenk Özkacar,TUR,DF,DF,1. FC Köln,24,2000,25,20,1791,19.9,0,0,0,0,0,2,0,11,4,0.364,0.0,0.0,72,0.585,83.0,14,5,9,1.0,26,40,-14,-0.7,-0.7,3,26,24,11,5,1,0,,,,,,,,,,,,,,Defender,수비수,22-25,0,0.0,0.0,0.0,0.0,0.5528,0.201,0.1508,1.3065,1.206,0.5528,0.2513,0.0,True,True,Regular (900+ min),False,False,1.0,47.34065934065934,0.995,47.353956043956046,56,v1_position_percentile_900min
202526_castello_lukeba_rb_leipzig,2025-2026,Castello Lukeba,FRA,DF,DF,RB Leipzig,22,2002,26,24,2176,24.1778,1,0,1,0,0,3,0,8,2,0.25,0.13,0.5,84,0.711,88.0,22,2,2,1.88,50,33,17,0.7,0.5,3,14,31,11,12,1,0,,,,,,,,,,,,,,Defender,수비수,22-25,1,0.0414,0.0,0.0414,0.0414,0.3309,0.0827,0.1241,0.579,1.2822,0.455,0.4963,0.125,True,True,Regular (900+ min),False,False,1.0,47.35164835164836,1.0,47.35164835164836,57,v1_position_percentile_900min
202526_jeanuel_belocian_vfl_wolfsburg,2025-2026,Jeanuël Belocian,FRA,DF,DF,VfL Wolfsburg,20,2005,14,14,1254,13.9333,0,1,0,0,0,3,0,3,0,0.0,0.0,,90,0.41,90.0,13,0,0,0.71,17,26,-9,-0.65,0.1,4,17,16,18,8,0,0,,,,,,,,,,,,,,Defender,수비수,U21,1,0.0,0.0718,0.0718,0.0,0.2153,0.0,0.2871,1.2201,1.1483,1.2919,0.5742,0.0,True,True,Regular (900+ min),False,True,0.9846,46.14285714285714,0.6966666666666667,47.31285714285714,58,v1_position_percentile_900min
202526_noahkai_banks_fc_augsburg,2025-2026,Noahkai Banks,USA,DF,DF,FC Augsburg,18,2006,23,20,1725,19.1667,1,1,1,0,0,8,0,9,5,0.556,0.11,0.2,75,0.564,83.0,14,3,9,1.09,22,31,-9,-0.47,0.0,4,29,18,29,18,3,0,,,,,,,,,,,,,,Defender,수비수,U21,2,0.0522,0.0522,0.1043,0.0522,0.4696,0.2609,0.2087,1.513,0.9391,1.513,0.9391,0.1111,True,True,Regular (900+ min),False,False,1.0,47.175824175824175,0.9583333333333334,47.29349816849817,59,v1_position_percentile_900min
202526_danilho_doekhi_1_fc_union_berlin,2025-2026,Danilho Doekhi,NED,DF,DF,1. FC Union Berlin,27,1998,34,34,3060,34.0,5,0,5,0,0,4,0,45,11,0.244,0.11,0.45,90,1.0,90.0,34,0,0,1.15,44,58,-14,-0.41,,6,31,42,28,15,1,0,,,,,,,,,,,,,,Defender,수비수,26-29,5,0.1471,0.0,0.1471,0.1471,1.3235,0.3235,0.1765,0.9118,1.2353,0.8235,0.4412,0.1111,True,True,Regular (900+ min),False,False,0.9846,47.23076923076923,1.0,47.23076923076923,60,v1_position_percentile_900min
202526_hauke_wahl_fc_st_pauli,2025-2026,Hauke Wahl,GER,DF,DF,FC St. Pauli,31,1994,30,29,2592,28.8,2,1,2,0,0,1,0,10,4,0.4,0.2,0.5,86,0.847,88.0,28,1,0,0.77,25,47,-22,-0.76,0.97,12,32,31,11,13,4,0,,,,,,,,,,,,,,Defender,수비수,30+,3,0.0694,0.0347,0.1042,0.0694,0.3472,0.1389,0.4167,1.1111,1.0764,0.3819,0.4514,0.2,True,True,Regular (900+ min),False,False,1.0,47.197802197802204,1.0,47.197802197802204,61,v1_position_percentile_900min
202526_robin_koch_eintracht_frankfurt,2025-2026,Robin Koch,GER,DF,DF,Eintracht Frankfurt,29,1996,32,32,2833,31.4778,3,1,3,0,0,3,1,15,5,0.333,0.2,0.6,89,0.926,89.0,30,0,0,1.38,57,60,-3,-0.1,0.3,2,27,47,31,13,0,0,,,,,,,,,,,,,,Defender,수비수,26-29,4,0.0953,0.0318,0.1271,0.0953,0.4765,0.1588,0.0635,0.8577,1.4931,0.9848,0.413,0.2,True,True,Regular (900+ min),False,False,1.0,47.13186813186814,1.0,47.13186813186814,62,v1_position_percentile_900min
202526_nico_elvedi_borussia_monchengladbach,2025-2026,Nico Elvedi,SUI,DF,DF,Borussia Mönchengladbach,28,1996,33,33,2966,32.9556,0,2,0,0,0,5,0,9,0,0.0,0.0,,90,0.969,90.0,32,0,0,1.15,41,50,-9,-0.27,1.64,1,32,40,18,16,1,0,,,,,,,,,,,,,,Defender,수비수,26-29,2,0.0,0.0607,0.0607,0.0,0.2731,0.0,0.0303,0.971,1.2138,0.5462,0.4855,0.0,True,True,Regular (900+ min),False,False,0.9846,46.87912087912088,1.0,46.87912087912088,63,v1_position_percentile_900min
202526_joe_scally_borussia_monchengladbach,2025-2026,Joe Scally,USA,"DF,MF",DF,Borussia Mönchengladbach,22,2002,32,29,2608,28.9778,2,3,2,0,0,8,0,16,10,0.625,0.13,0.2,82,0.852,88.0,23,3,1,1.19,38,40,-2,-0.07,1.72,47,27,18,33,51,3,1,,,,,,,,,,,,,,Defender,수비수,22-25,5,0.069,0.1035,0.1725,0.069,0.5521,0.3451,1.6219,0.9317,0.6212,1.1388,1.76,0.125,True,True,Regular (900+ min),False,False,1.0,45.692307692307686,1.0,45.692307692307686,64,v1_position_percentile_900min
202526_jonathan_tah_bayern_munchen,2025-2026,Jonathan Tah,GER,DF,DF,Bayern München,29,1996,28,23,2018,22.4222,2,1,2,0,0,7,0,8,5,0.625,0.25,0.4,72,0.659,85.0,18,5,5,2.61,79,23,56,2.5,-0.09,1,18,25,26,6,0,0,,,,,,,,,,,,,,Defender,수비수,26-29,3,0.0892,0.0446,0.1338,0.0892,0.3568,0.223,0.0446,0.8028,1.115,1.1596,0.2676,0.25,True,True,Regular (900+ min),False,False,1.0,45.637362637362635,1.0,45.637362637362635,65,v1_position_percentile_900min
202526_philipp_lienhart_sc_freiburg,2025-2026,Philipp Lienhart,AUT,DF,DF,SC Freiburg,29,1996,20,14,1302,14.4667,1,0,1,0,0,4,1,8,2,0.25,0.13,0.5,65,0.425,81.0,9,6,2,1.5,28,22,6,0.41,1.03,13,13,13,7,8,2,0,,,,,,,,,,,,,,Defender,수비수,26-29,1,0.0691,0.0,0.0691,0.0691,0.553,0.1382,0.8986,0.8986,0.8986,0.4839,0.553,0.125,True,True,Regular (900+ min),False,False,1.0,43.9010989010989,0.7233333333333334,45.58846153846154,66,v1_position_percentile_900min
202526_jordan_torunarigha_hamburger_sv,2025-2026,Jordan Torunarigha,GER,DF,DF,Hamburger SV,27,1997,24,21,1962,21.8,0,0,0,0,0,3,0,5,1,0.2,0.0,0.0,82,0.641,88.0,16,3,5,1.08,23,35,-12,-0.55,-0.39,3,22,30,19,13,0,0,,,,,,,,,,,,,,Defender,수비수,26-29,0,0.0,0.0,0.0,0.0,0.2294,0.0459,0.1376,1.0092,1.3761,0.8716,0.5963,0.0,True,True,Regular (900+ min),False,False,1.0,45.35164835164836,1.0,45.35164835164836,67,v1_position_percentile_900min
202526_ifechukwu_ogbus_sc_freiburg,2025-2026,Ifechukwu Ogbus,SUI,DF,DF,SC Freiburg,19,2005,18,14,1177,13.0778,0,0,0,0,0,1,0,5,2,0.4,0.0,0.0,65,0.385,80.0,10,4,4,1.33,12,27,-15,-1.15,-1.58,3,16,13,5,11,0,0,,,,,,,,,,,,,,Defender,수비수,U21,0,0.0,0.0,0.0,0.0,0.3823,0.1529,0.2294,1.2234,0.9941,0.3823,0.8411,0.0,True,True,Regular (900+ min),False,False,1.0,41.74725274725275,0.6538888888888889,44.603620268620276,68,v1_position_percentile_900min
202526_danny_da_costa_mainz_05,2025-2026,Danny da Costa,GER,"DF,MF",DF,Mainz 05,32,1993,34,30,2695,29.9444,2,3,2,0,0,3,0,14,5,0.357,0.14,0.4,79,0.881,86.0,25,4,0,1.18,34,49,-15,-0.5,-1.98,48,27,29,22,24,1,1,,,,,,,,,,,,,,Defender,수비수,30+,5,0.0668,0.1002,0.167,0.0668,0.4675,0.167,1.603,0.9017,0.9685,0.7347,0.8015,0.1429,True,True,Regular (900+ min),False,False,1.0,44.37362637362637,1.0,44.37362637362637,69,v1_position_percentile_900min
202526_daniel_elfadli_hamburger_sv,2025-2026,Daniel Elfadli,LBY,DF,DF,Hamburger SV,28,1997,21,15,1253,13.9222,0,0,0,0,0,6,1,4,1,0.25,0.0,0.0,60,0.409,77.0,8,6,8,1.14,15,21,-6,-0.43,-0.03,0,14,20,20,15,0,0,,,,,,,,,,,,,,Defender,수비수,26-29,0,0.0,0.0,0.0,0.0,0.2873,0.0718,0.0,1.0056,1.4366,1.4366,1.0774,0.0,True,True,Regular (900+ min),False,False,1.0,41.230769230769226,0.6961111111111111,43.89564102564102,70,v1_position_percentile_900min
202526_aurele_amenda_eintracht_frankfurt,2025-2026,Aurele Amenda,SUI,DF,DF,Eintracht Frankfurt,22,2003,24,18,1678,18.6444,0,0,0,0,0,5,0,10,2,0.2,0.0,0.0,70,0.548,90.0,17,6,7,1.17,28,34,-6,-0.32,-0.45,6,12,29,22,13,0,1,,,,,,,,,,,,,,Defender,수비수,22-25,0,0.0,0.0,0.0,0.0,0.5364,0.1073,0.3218,0.6436,1.5554,1.18,0.6973,0.0,True,True,Regular (900+ min),False,False,1.0,43.30769230769231,0.9322222222222222,43.76128205128205,71,v1_position_percentile_900min
202526_aaron_zehnter_vfl_wolfsburg,2025-2026,Aaron Zehnter,GER,"DF,MF",DF,VfL Wolfsburg,20,2004,20,17,1456,16.1778,2,0,2,0,0,0,0,11,5,0.455,0.18,0.4,73,0.476,85.0,10,3,8,1.1,23,29,-6,-0.37,0.64,36,10,16,2,0,0,0,,,,,,,,,,,,,,Defender,수비수,U21,2,0.1236,0.0,0.1236,0.1236,0.6799,0.3091,2.2253,0.6181,0.989,0.1236,0.0,0.1818,True,True,Regular (900+ min),False,False,1.0,39.38461538461539,0.8088888888888889,41.413333333333334,72,v1_position_percentile_900min
202526_cedric_zesiger_fc_augsburg,2025-2026,Cedric Zesiger,SUI,DF,DF,FC Augsburg,27,1998,27,20,1816,20.1778,0,0,0,0,0,7,0,12,3,0.25,0.0,0.0,67,0.593,85.0,17,7,4,1.38,26,40,-14,-0.69,-0.55,34,24,17,18,16,0,1,,,,,,,,,,,,,,Defender,수비수,26-29,0,0.0,0.0,0.0,0.0,0.5947,0.1487,1.685,1.1894,0.8425,0.8921,0.793,0.0,True,True,Regular (900+ min),False,False,1.0,40.83516483516484,1.0,40.83516483516484,73,v1_position_percentile_900min
202526_benedikt_gimber_1_fc_heidenheim,2025-2026,Benedikt Gimber,GER,DF,DF,1. FC Heidenheim,28,1997,21,18,1436,15.9556,0,0,0,0,0,6,0,4,1,0.25,0.0,0.0,68,0.469,75.0,10,3,6,0.62,8,40,-32,-2.01,-2.06,5,21,15,27,31,0,0,,,,,,,,,,,,,,Defender,수비수,26-29,0,0.0,0.0,0.0,0.0,0.2507,0.0627,0.3134,1.3162,0.9401,1.6922,1.9429,0.0,True,True,Regular (900+ min),False,False,1.0,37.38461538461539,0.7977777777777778,39.9357264957265,74,v1_position_percentile_900min
202526_eric_smith_fc_st_pauli,2025-2026,Eric Smith,SWE,"DF,MF",DF,FC St. Pauli,28,1997,27,26,2311,25.6778,2,2,2,0,0,4,1,12,5,0.417,0.17,0.4,86,0.755,87.0,23,1,0,0.74,22,43,-21,-0.82,0.38,64,23,24,15,29,1,0,,,,,,,,,,,,,,Defender,수비수,26-29,4,0.0779,0.0779,0.1558,0.0779,0.4673,0.1947,2.4924,0.8957,0.9347,0.5842,1.1294,0.1667,True,True,Regular (900+ min),False,False,1.0,39.26373626373626,1.0,39.26373626373626,75,v1_position_percentile_900min
202526_marco_friedl_werder_bremen,2025-2026,Marco Friedl,AUT,DF,DF,Werder Bremen,27,1998,30,29,2546,28.2889,1,0,1,0,0,9,1,8,2,0.25,0.13,0.5,85,0.832,86.0,26,1,0,0.9,29,49,-20,-0.71,-0.18,15,24,35,17,16,1,0,,,,,,,,,,,,,,Defender,수비수,26-29,1,0.0353,0.0,0.0353,0.0353,0.2828,0.0707,0.5302,0.8484,1.2372,0.6009,0.5656,0.125,True,True,Regular (900+ min),False,False,1.0,38.85714285714286,1.0,38.85714285714286,76,v1_position_percentile_900min
202526_rav_van_den_berg_1_fc_koln,2025-2026,Rav van den Berg,NED,DF,DF,1. FC Köln,21,2004,14,12,1131,12.5667,0,1,0,0,0,0,1,1,0,0.0,0.0,,81,0.37,87.0,9,2,9,0.93,17,21,-4,-0.32,0.15,1,8,14,10,3,1,0,,,,,,,,,,,,,,Defender,수비수,U21,1,0.0,0.0796,0.0796,0.0,0.0796,0.0,0.0796,0.6366,1.1141,0.7958,0.2387,0.0,True,True,Regular (900+ min),False,False,0.9846,31.758241758241756,0.6283333333333333,38.53809523809524,77,v1_position_percentile_900min
202526_leopold_querfeld_1_fc_union_berlin,2025-2026,Leopold Querfeld,AUT,DF,DF,1. FC Union Berlin,21,2003,31,30,2705,30.0556,3,0,1,2,3,7,0,29,10,0.345,0.03,0.1,87,0.884,90.0,30,1,2,1.03,35,55,-20,-0.67,-2.19,3,27,35,46,28,0,0,,,,,,,,,,,,,,Defender,수비수,U21,3,0.0998,0.0,0.0998,0.0333,0.9649,0.3327,0.0998,0.8983,1.1645,1.5305,0.9316,0.1034,True,True,Regular (900+ min),False,False,1.0,38.2967032967033,1.0,38.2967032967033,78,v1_position_percentile_900min
202526_matthias_ginter_sc_freiburg,2025-2026,Matthias Ginter,GER,DF,DF,SC Freiburg,31,1994,32,32,2833,31.4778,3,3,3,0,0,3,0,19,7,0.368,0.16,0.43,89,0.926,89.0,29,0,0,1.47,49,51,-2,-0.06,1.52,15,14,22,16,19,2,0,,,,,,,,,,,,,,Defender,수비수,30+,6,0.0953,0.0953,0.1906,0.0953,0.6036,0.2224,0.4765,0.4448,0.6989,0.5083,0.6036,0.1579,True,True,Regular (900+ min),False,False,1.0,38.17582417582418,1.0,38.17582417582418,79,v1_position_percentile_900min
202526_christian_gunter_sc_freiburg,2025-2026,Christian Günter,GER,DF,DF,SC Freiburg,32,1993,24,18,1547,17.1889,0,3,0,0,0,3,0,9,0,0.0,0.0,,64,0.506,80.0,9,6,10,1.33,21,31,-10,-0.58,-0.82,73,12,10,10,6,5,0,,,,,,,,,,,,,,Defender,수비수,30+,3,0.0,0.1745,0.1745,0.0,0.5236,0.0,4.2469,0.6981,0.5818,0.5818,0.3491,0.0,True,True,Regular (900+ min),False,False,0.9846,34.901098901098905,0.8594444444444445,37.02333333333334,80,v1_position_percentile_900min
202526_karol_mets_fc_st_pauli,2025-2026,Karol Mets,EST,DF,DF,FC St. Pauli,32,1993,23,22,1932,21.4667,1,0,1,0,0,3,0,7,1,0.143,0.14,1.0,84,0.631,87.0,18,1,3,0.78,17,40,-23,-1.07,-0.43,6,22,22,13,11,1,0,,,,,,,,,,,,,,Defender,수비수,30+,1,0.0466,0.0,0.0466,0.0466,0.3261,0.0466,0.2795,1.0248,1.0248,0.6056,0.5124,0.1429,True,True,Regular (900+ min),False,False,1.0,36.78021978021979,1.0,36.78021978021979,81,v1_position_percentile_900min
202526_edmond_tapsoba_bayer_leverkusen,2025-2026,Edmond Tapsoba,BFA,DF,DF,Bayer Leverkusen,26,1999,29,29,2575,28.6111,5,3,5,0,0,7,0,29,10,0.345,0.17,0.5,89,0.842,89.0,28,0,0,1.79,60,38,22,0.77,0.95,13,15,21,31,2,2,0,,,,,,,,,,,,,,Defender,수비수,26-29,8,0.1748,0.1049,0.2796,0.1748,1.0136,0.3495,0.4544,0.5243,0.734,1.0835,0.0699,0.1724,True,True,Regular (900+ min),False,False,1.0,36.7032967032967,1.0,36.7032967032967,82,v1_position_percentile_900min
202526_patrick_mainka_1_fc_heidenheim,2025-2026,Patrick Mainka,GER,DF,DF,1. FC Heidenheim,30,1994,34,34,3060,34.0,2,2,2,0,0,1,0,37,9,0.243,0.05,0.22,90,1.0,90.0,34,0,0,0.76,41,72,-31,-0.91,,0,30,36,10,20,3,0,,,,,,,,,,,,,,Defender,수비수,30+,4,0.0588,0.0588,0.1176,0.0588,1.0882,0.2647,0.0,0.8824,1.0588,0.2941,0.5882,0.0541,True,True,Regular (900+ min),False,False,0.9846,36.543956043956044,1.0,36.543956043956044,83,v1_position_percentile_900min
202526_omar_traore_1_fc_heidenheim,2025-2026,Omar Traoré,GER,"DF,MF",DF,1. FC Heidenheim,27,1998,26,16,1501,16.6778,0,2,0,0,0,2,0,10,2,0.2,0.0,0.0,58,0.491,78.0,8,10,7,0.65,21,41,-20,-1.2,-0.56,37,11,17,22,19,2,0,,,,,,,,,,,,,,Defender,수비수,26-29,2,0.0,0.1199,0.1199,0.0,0.5996,0.1199,2.2185,0.6596,1.0193,1.3191,1.1392,0.0,True,True,Regular (900+ min),False,False,1.0,33.087912087912095,0.8338888888888889,35.89719780219781,84,v1_position_percentile_900min
202526_denis_vavro_vfl_wolfsburg,2025-2026,Denis Vavro,SVK,DF,DF,VfL Wolfsburg,29,1996,17,13,1176,13.0667,1,0,1,0,0,2,0,12,5,0.417,0.08,0.2,69,0.384,89.0,11,4,8,0.94,16,27,-11,-0.84,-0.22,4,5,14,9,5,0,0,,,,,,,,,,,,,,Defender,수비수,26-29,1,0.0765,0.0,0.0765,0.0765,0.9184,0.3827,0.3061,0.3827,1.0714,0.6888,0.3827,0.0833,True,True,Regular (900+ min),False,False,1.0,28.307692307692307,0.6533333333333333,35.82769230769231,85,v1_position_percentile_900min
202526_sebastian_sebulonsen_1_fc_koln,2025-2026,Sebastian Sebulonsen,NOR,"DF,MF",DF,1. FC Köln,25,2000,31,28,2498,27.7556,0,0,0,0,0,5,0,31,5,0.161,0.0,0.0,81,0.816,85.0,20,3,0,1.0,35,52,-17,-0.61,-1.09,67,26,17,11,9,4,0,,,,,,,,,,,,,,Defender,수비수,22-25,0,0.0,0.0,0.0,0.0,1.1169,0.1801,2.4139,0.9367,0.6125,0.3963,0.3243,0.0,True,True,Regular (900+ min),False,False,1.0,35.36263736263736,1.0,35.36263736263736,86,v1_position_percentile_900min
202526_joel_schmied_1_fc_koln,2025-2026,Joël Schmied,SUI,DF,DF,1. FC Köln,26,1998,16,13,1078,11.9778,0,0,0,0,0,5,0,5,0,0.0,0.0,,67,0.352,77.0,7,3,3,1.0,18,27,-9,-0.75,-0.52,5,9,11,16,8,0,0,,,,,,,,,,,,,,Defender,수비수,26-29,0,0.0,0.0,0.0,0.0,0.4174,0.0,0.4174,0.7514,0.9184,1.3358,0.6679,0.0,True,True,Regular (900+ min),False,False,0.9846,24.94505494505495,0.5988888888888889,34.9948717948718,87,v1_position_percentile_900min
202526_yukinari_sugawara_werder_bremen,2025-2026,Yukinari Sugawara,JPN,"DF,MF",DF,Werder Bremen,25,2000,31,29,2428,26.9778,0,6,0,0,0,2,1,30,11,0.367,0.0,0.0,78,0.793,82.0,20,2,1,1.03,32,43,-11,-0.41,1.3,74,22,15,22,11,2,0,,,,,,,,,,,,,,Defender,수비수,22-25,6,0.0,0.2224,0.2224,0.0,1.112,0.4077,2.743,0.8155,0.556,0.8155,0.4077,0.0,True,True,Regular (900+ min),False,False,1.0,34.054945054945065,1.0,34.054945054945065,88,v1_position_percentile_900min
202526_robin_hranac_tsg_hoffenheim,2025-2026,Robin Hranáč,CZE,DF,DF,TSG Hoffenheim,25,2000,29,26,2251,25.0111,1,0,1,0,0,5,0,8,3,0.375,0.13,0.33,78,0.736,85.0,21,3,3,1.97,51,35,16,0.64,0.97,6,15,20,26,10,0,0,,,,,,,,,,,,,,Defender,수비수,22-25,1,0.04,0.0,0.04,0.04,0.3199,0.1199,0.2399,0.5997,0.7996,1.0395,0.3998,0.125,True,True,Regular (900+ min),False,False,1.0,31.747252747252748,1.0,31.747252747252748,89,v1_position_percentile_900min
202526_abdoul_coulibaly_werder_bremen,2025-2026,Abdoul Coulibaly,GER,DF,DF,Werder Bremen,18,2007,27,24,2120,23.5556,1,0,1,0,0,5,1,6,1,0.167,0.17,1.0,79,0.693,85.0,19,3,2,0.93,24,43,-19,-0.81,-0.42,13,14,24,18,9,1,1,,,,,,,,,,,,,,Defender,수비수,U21,1,0.0425,0.0,0.0425,0.0425,0.2547,0.0425,0.5519,0.5943,1.0189,0.7642,0.3821,0.1667,True,True,Regular (900+ min),False,False,1.0,24.13186813186813,1.0,24.13186813186813,90,v1_position_percentile_900min
202526_moritz_jenz_vfl_wolfsburg,2025-2026,Moritz Jenz,GER,DF,DF,VfL Wolfsburg,26,1999,22,20,1787,19.8556,1,0,1,0,0,8,1,5,1,0.2,0.2,1.0,81,0.584,89.0,18,2,5,0.68,21,44,-23,-1.16,-1.09,1,22,12,31,7,0,1,,,,,,,,,,,,,,Defender,수비수,26-29,1,0.0504,0.0,0.0504,0.0504,0.2518,0.0504,0.0504,1.108,0.6044,1.5613,0.3525,0.2,True,True,Regular (900+ min),False,False,1.0,20.681318681318682,0.9927777777777778,20.893064713064714,91,v1_position_percentile_900min
202526_harry_kane_bayern_munchen,2025-2026,Harry Kane,ENG,"FW,MF",FW,Bayern München,32,1993,31,25,2377,26.4111,36,5,26,10,11,1,0,119,67,0.563,0.22,0.39,77,0.777,86.0,17,6,1,2.58,98,26,72,2.73,0.88,12,13,8,25,32,20,0,,,,,,,,,,,,,,Forward,공격수,30+,41,1.3631,0.1893,1.5524,0.9844,4.5057,2.5368,0.4544,0.4922,0.3029,0.9466,1.2116,0.3025,True,True,Regular (900+ min),False,False,1.0,88.8108108108108,1.0,88.8108108108108,1,v1_position_percentile_900min
202526_deniz_undav_vfb_stuttgart,2025-2026,Deniz Undav,GER,"FW,MF",FW,VfB Stuttgart,29,1996,29,25,2241,24.9,19,7,19,0,1,5,0,124,46,0.371,0.15,0.41,77,0.732,84.0,13,4,0,1.83,55,36,19,0.76,0.43,16,14,4,32,23,25,0,,,,,,,,,,,,,,Forward,공격수,26-29,26,0.7631,0.2811,1.0442,0.7631,4.9799,1.8474,0.6426,0.5622,0.1606,1.2851,0.9237,0.1532,True,True,Regular (900+ min),False,False,1.0,83.86486486486487,1.0,83.86486486486487,2,v1_position_percentile_900min
202526_ermedin_demirovic_vfb_stuttgart,2025-2026,Ermedin Demirović,BIH,FW,FW,VfB Stuttgart,27,1998,25,17,1497,16.6333,12,3,11,1,1,5,0,41,22,0.537,0.27,0.5,60,0.489,80.0,8,8,0,1.92,37,17,20,1.2,1.09,1,10,2,37,26,8,0,,,,,,,,,,,,,,Forward,공격수,26-29,15,0.7214,0.1804,0.9018,0.6613,2.4649,1.3226,0.0601,0.6012,0.1202,2.2244,1.5631,0.2927,True,True,Regular (900+ min),False,False,1.0,80.7837837837838,0.8316666666666667,75.60184684684687,3,v1_position_percentile_900min
202526_patrik_schick_bayer_leverkusen,2025-2026,Patrik Schick,CZE,FW,FW,Bayer Leverkusen,29,1996,28,23,1988,22.0889,16,3,12,4,5,2,0,72,34,0.472,0.17,0.35,71,0.65,80.0,11,5,0,1.64,44,29,15,0.68,0.18,0,4,3,22,20,6,0,,,,,,,,,,,,,,Forward,공격수,26-29,19,0.7243,0.1358,0.8602,0.5433,3.2596,1.5392,0.0,0.1811,0.1358,0.996,0.9054,0.2222,True,True,Regular (900+ min),False,False,1.0,73.27027027027027,1.0,73.27027027027027,4,v1_position_percentile_900min
202526_said_el_mala_1_fc_koln,2025-2026,Said El Mala,GER,"FW,MF",FW,1. FC Köln,18,2006,34,20,1956,21.7333,13,4,12,1,1,4,0,74,30,0.405,0.16,0.4,58,0.639,79.0,6,14,0,0.94,32,37,-5,-0.23,0.5,39,14,8,15,23,18,0,,,,,,,,,,,,,,Forward,공격수,U21,17,0.5982,0.184,0.7822,0.5521,3.4049,1.3804,1.7945,0.6442,0.3681,0.6902,1.0583,0.1757,True,True,Regular (900+ min),False,False,1.0,71.13513513513516,1.0,71.13513513513516,5,v1_position_percentile_900min
202526_yan_diomande_rb_leipzig,2025-2026,Yan Diomandé,CIV,"FW,MF",FW,RB Leipzig,18,2006,33,28,2472,27.4667,12,8,12,0,0,2,0,53,26,0.491,0.23,0.46,75,0.808,84.0,11,5,0,1.97,55,35,20,0.73,0.88,45,19,16,19,34,7,0,,,,,,,,,,,,,,Forward,공격수,U21,20,0.4369,0.2913,0.7282,0.4369,1.9296,0.9466,1.6383,0.6917,0.5825,0.6917,1.2379,0.2264,True,True,Regular (900+ min),False,False,1.0,69.2972972972973,1.0,69.2972972972973,6,v1_position_percentile_900min
202526_jonathan_burkardt_eintracht_frankfurt,2025-2026,Jonathan Burkardt,GER,FW,FW,Eintracht Frankfurt,25,2000,22,15,1336,14.8444,13,1,9,4,4,1,0,41,21,0.512,0.22,0.43,61,0.437,80.0,4,7,0,1.36,34,16,18,1.21,2.36,5,4,1,12,15,2,0,,,,,,,,,,,,,,Forward,공격수,22-25,14,0.8757,0.0674,0.9431,0.6063,2.762,1.4147,0.3368,0.2695,0.0674,0.8084,1.0105,0.3171,True,True,Regular (900+ min),False,False,1.0,73.40540540540542,0.7422222222222222,67.37201201201202,7,v1_position_percentile_900min
202526_serhou_guirassy_borussia_dortmund,2025-2026,Serhou Guirassy,GUI,FW,FW,Borussia Dortmund,29,1996,33,27,2337,25.9667,17,1,16,1,3,3,0,84,40,0.476,0.19,0.4,71,0.764,81.0,9,6,1,2.12,52,22,30,1.16,0.41,4,1,0,37,36,7,0,,,,,,,,,,,,,,Forward,공격수,26-29,18,0.6547,0.0385,0.6932,0.6162,3.2349,1.5404,0.154,0.0385,0.0,1.4249,1.3864,0.2024,True,True,Regular (900+ min),False,False,1.0,66.32432432432432,1.0,66.32432432432432,8,v1_position_percentile_900min
202526_igor_matanovic_sc_freiburg,2025-2026,Igor Matanovic,CRO,FW,FW,SC Freiburg,22,2003,31,14,1571,17.4556,11,2,10,1,2,0,0,51,19,0.373,0.2,0.53,51,0.513,84.0,8,17,1,1.52,27,27,0,0.0,0.36,0,11,9,42,22,6,0,,,,,,,,,,,,,,Forward,공격수,22-25,13,0.6302,0.1146,0.7447,0.5729,2.9217,1.0885,0.0,0.6302,0.5156,2.4061,1.2603,0.2157,True,True,Regular (900+ min),False,False,1.0,67.89189189189189,0.8727777777777778,65.61564564564564,9,v1_position_percentile_900min
202526_fisnik_asllani_tsg_hoffenheim,2025-2026,Fisnik Asllani,KVX,"FW,MF",FW,TSG Hoffenheim,22,2002,33,31,2335,25.9444,10,7,10,0,0,2,0,73,28,0.384,0.14,0.36,71,0.763,74.0,4,2,1,1.76,50,41,9,0.35,-0.15,10,7,5,26,37,14,0,,,,,,,,,,,,,,Forward,공격수,22-25,17,0.3854,0.2698,0.6552,0.3854,2.8137,1.0792,0.3854,0.2698,0.1927,1.0021,1.4261,0.137,True,True,Regular (900+ min),False,False,1.0,64.35135135135135,1.0,64.35135135135135,10,v1_position_percentile_900min
202526_nicolas_jackson_bayern_munchen,2025-2026,Nicolas Jackson,SEN,FW,FW,Bayern München,24,2001,23,12,1007,11.1889,8,1,8,0,0,2,1,38,21,0.553,0.21,0.38,44,0.329,71.0,5,11,3,2.52,37,11,26,2.32,-0.31,7,4,4,15,10,8,0,,,,,,,,,,,,,,Forward,공격수,22-25,9,0.715,0.0894,0.8044,0.715,3.3962,1.8769,0.6256,0.3575,0.3575,1.3406,0.8937,0.2105,True,True,Regular (900+ min),False,False,1.0,74.45945945945947,0.5594444444444444,63.683708708708714,11,v1_position_percentile_900min
202526_christian_kofane_bayer_leverkusen,2025-2026,Christian Kofane,CMR,FW,FW,Bayer Leverkusen,19,2006,29,12,1239,13.7667,5,4,5,0,0,3,0,46,19,0.413,0.11,0.26,43,0.405,76.0,2,17,2,1.69,30,18,12,0.87,0.43,0,7,2,30,17,3,0,,,,,,,,,,,,,,Forward,공격수,U21,9,0.3632,0.2906,0.6538,0.3632,3.3414,1.3801,0.0,0.5085,0.1453,2.1792,1.2349,0.1087,True,True,Regular (900+ min),False,False,1.0,66.75675675675676,0.6883333333333334,61.53423423423423,12,v1_position_percentile_900min
202526_michael_gregoritsch_fc_augsburg,2025-2026,Michael Gregoritsch,AUT,FW,FW,FC Augsburg,31,1994,17,11,913,10.1444,6,2,5,1,1,2,0,29,10,0.345,0.17,0.5,54,0.298,73.0,2,6,1,1.35,19,14,5,0.49,1.37,6,4,5,5,18,4,0,,,,,,,,,,,,,,Forward,공격수,30+,8,0.5915,0.1972,0.7886,0.4929,2.8587,0.9858,0.5915,0.3943,0.4929,0.4929,1.7744,0.2069,True,True,Regular (900+ min),False,False,1.0,71.10810810810811,0.5072222222222222,60.706501501501506,13,v1_position_percentile_900min
202526_romulo_rb_leipzig,2025-2026,Rômulo,BRA,FW,FW,RB Leipzig,23,2002,30,27,2188,24.3111,9,4,9,0,1,3,0,63,27,0.429,0.14,0.33,73,0.715,78.0,4,3,0,1.93,47,27,20,0.82,0.93,0,19,11,20,20,8,1,,,,,,,,,,,,,,Forward,공격수,22-25,13,0.3702,0.1645,0.5347,0.3702,2.5914,1.1106,0.0,0.7815,0.4525,0.8227,0.8227,0.1429,True,True,Regular (900+ min),False,False,1.0,59.21621621621621,1.0,59.21621621621621,14,v1_position_percentile_900min
202526_ragnar_ache_1_fc_koln,2025-2026,Ragnar Ache,GER,FW,FW,1. FC Köln,27,1998,29,18,1718,19.0889,7,4,7,0,0,3,0,52,22,0.423,0.13,0.32,59,0.561,78.0,3,11,0,1.03,27,38,-11,-0.58,-0.38,1,8,4,18,29,10,0,,,,,,,,,,,,,,Forward,공격수,26-29,11,0.3667,0.2095,0.5763,0.3667,2.7241,1.1525,0.0524,0.4191,0.2095,0.943,1.5192,0.1346,True,True,Regular (900+ min),False,False,1.0,57.51351351351352,0.9544444444444444,57.17123123123124,15,v1_position_percentile_900min
202526_conrad_harder_rb_leipzig,2025-2026,Conrad Harder,DEN,FW,FW,RB Leipzig,20,2005,29,8,932,10.3556,3,3,3,0,0,3,0,42,13,0.31,0.07,0.23,32,0.305,77.0,3,21,2,1.83,18,22,-4,-0.39,-1.36,13,6,7,21,18,4,0,,,,,,,,,,,,,,Forward,공격수,U21,6,0.2897,0.2897,0.5794,0.2897,4.0558,1.2554,1.2554,0.5794,0.676,2.0279,1.7382,0.0714,True,True,Regular (900+ min),False,False,1.0,62.000000000000014,0.5177777777777778,56.21333333333334,16,v1_position_percentile_900min
202526_sheraldo_becker_mainz_05,2025-2026,Sheraldo Becker,SUR,FW,FW,Mainz 05,30,1995,14,11,946,10.5111,3,3,3,0,0,2,0,29,15,0.517,0.1,0.2,68,0.309,77.0,1,3,0,1.57,16,8,8,0.76,1.48,31,0,3,13,8,10,0,,,,,,,,,,,,,,Forward,공격수,30+,6,0.2854,0.2854,0.5708,0.2854,2.759,1.4271,2.9493,0.0,0.2854,1.2368,0.7611,0.1034,True,True,Regular (900+ min),False,False,1.0,56.86486486486487,0.5255555555555556,53.60786786786787,17,v1_position_percentile_900min
202526_haris_tabakovic_borussia_monchengladbach,2025-2026,Haris Tabakovic,BIH,FW,FW,Borussia Mönchengladbach,31,1994,32,28,2382,26.4667,13,3,13,0,2,5,0,67,27,0.403,0.19,0.48,74,0.778,81.0,10,4,0,1.19,36,34,2,0.08,1.8,2,6,0,48,20,27,0,,,,,,,,,,,,,,Forward,공격수,30+,16,0.4912,0.1134,0.6045,0.4912,2.5315,1.0202,0.0756,0.2267,0.0,1.8136,0.7557,0.194,True,True,Regular (900+ min),False,False,1.0,52.35135135135135,1.0,52.35135135135135,18,v1_position_percentile_900min
202526_marius_bulter_1_fc_koln,2025-2026,Marius Bülter,GER,"FW,MF",FW,1. FC Köln,32,1993,32,18,1597,17.7444,5,4,5,0,0,3,0,42,17,0.405,0.12,0.29,50,0.522,74.0,7,14,0,0.91,30,29,1,0.06,0.98,62,5,8,17,25,6,0,,,,,,,,,,,,,,Forward,공격수,30+,9,0.2818,0.2254,0.5072,0.2818,2.3669,0.958,3.4941,0.2818,0.4508,0.958,1.4089,0.119,True,True,Regular (900+ min),False,False,1.0,49.32432432432433,0.8872222222222222,49.40052552552553,19,v1_position_percentile_900min
202526_mohamed_amoura_vfl_wolfsburg,2025-2026,Mohamed Amoura,ALG,"FW,MF",FW,VfL Wolfsburg,25,2000,30,23,1919,21.3222,8,3,7,1,1,2,0,60,19,0.317,0.12,0.37,64,0.627,78.0,8,7,0,0.97,32,32,0,0.0,1.89,34,22,7,21,11,12,0,,,,,,,,,,,,,,Forward,공격수,22-25,11,0.3752,0.1407,0.5159,0.3283,2.814,0.8911,1.5946,1.0318,0.3283,0.9849,0.5159,0.1333,True,True,Regular (900+ min),False,False,1.0,49.02702702702703,1.0,49.02702702702703,20,v1_position_percentile_900min
202526_tim_lemperle_tsg_hoffenheim,2025-2026,Tim Lemperle,GER,FW,FW,TSG Hoffenheim,23,2002,29,24,1944,21.6,8,2,7,1,1,3,1,53,21,0.396,0.13,0.33,67,0.635,76.0,1,5,0,1.86,47,30,17,0.79,1.11,27,16,6,60,16,18,0,,,,,,,,,,,,,,Forward,공격수,22-25,10,0.3704,0.0926,0.463,0.3241,2.4537,0.9722,1.25,0.7407,0.2778,2.7778,0.7407,0.1509,True,True,Regular (900+ min),False,False,1.0,48.27027027027027,1.0,48.27027027027027,21,v1_position_percentile_900min
202526_dzenan_pejcinovic_vfl_wolfsburg,2025-2026,Dženan Pejčinović,GER,FW,FW,VfL Wolfsburg,20,2005,30,16,1460,16.2222,8,0,8,0,0,1,0,51,23,0.451,0.16,0.35,49,0.477,79.0,7,14,3,0.83,19,37,-18,-1.11,-0.77,5,9,5,22,7,5,0,,,,,,,,,,,,,,Forward,공격수,U21,8,0.4932,0.0,0.4932,0.4932,3.1438,1.4178,0.3082,0.5548,0.3082,1.3562,0.4315,0.1569,True,True,Regular (900+ min),False,False,1.0,46.85135135135136,0.8111111111111111,47.446096096096106,22,v1_position_percentile_900min
202526_budu_zivzivadze_1_fc_heidenheim,2025-2026,Budu Zivzivadze,GEO,FW,FW,1. FC Heidenheim,31,1994,20,14,1142,12.6889,6,0,6,0,0,2,1,28,14,0.5,0.21,0.43,57,0.373,70.0,3,6,0,0.7,19,30,-11,-0.87,0.07,6,10,1,15,13,8,0,,,,,,,,,,,,,,Forward,공격수,30+,6,0.4729,0.0,0.4729,0.4729,2.2067,1.1033,0.4729,0.7881,0.0788,1.1821,1.0245,0.2143,True,True,Regular (900+ min),False,False,1.0,44.391891891891895,0.6344444444444445,46.441966966966966,23,v1_position_percentile_900min
202526_andrej_ilic_1_fc_union_berlin,2025-2026,Andrej Ilic,SRB,FW,FW,1. FC Union Berlin,25,2000,32,24,2257,25.0778,5,10,5,0,1,5,0,71,26,0.366,0.07,0.19,71,0.738,84.0,17,8,0,1.19,37,46,-9,-0.36,0.2,18,3,2,38,32,16,0,,,,,,,,,,,,,,Forward,공격수,22-25,15,0.1994,0.3988,0.5981,0.1994,2.8312,1.0368,0.7178,0.1196,0.0798,1.5153,1.276,0.0704,True,True,Regular (900+ min),False,False,1.0,46.32432432432433,1.0,46.32432432432433,24,v1_position_percentile_900min
202526_phillip_tietz_mainz_05,2025-2026,Phillip Tietz,GER,FW,FW,Mainz 05,28,1997,19,19,1610,17.8889,5,2,5,0,1,2,0,46,21,0.457,0.11,0.24,85,0.526,85.0,9,0,0,1.68,30,22,8,0.45,1.5,4,4,7,32,21,16,0,,,,,,,,,,,,,,Forward,공격수,26-29,7,0.2795,0.1118,0.3913,0.2795,2.5714,1.1739,0.2236,0.2236,0.3913,1.7888,1.1739,0.1087,True,True,Regular (900+ min),False,True,1.0,44.40540540540541,0.8944444444444445,44.99594594594595,25,v1_position_percentile_900min
202526_arnaud_kalimuendo_eintracht_frankfurt,2025-2026,Arnaud Kalimuendo,FRA,"FW,MF",FW,Eintracht Frankfurt,23,2002,19,17,1417,15.7444,6,1,6,0,0,4,0,30,16,0.533,0.2,0.38,75,0.463,80.0,10,2,0,1.0,24,31,-7,-0.44,-0.61,15,4,3,9,18,6,0,,,,,,,,,,,,,,Forward,공격수,22-25,7,0.3811,0.0635,0.4446,0.3811,1.9054,1.0162,0.9527,0.2541,0.1905,0.5716,1.1433,0.2,True,True,Regular (900+ min),False,False,1.0,41.72972972972974,0.7872222222222223,43.48945945945947,26,v1_position_percentile_900min
202526_rayan_philippe_hamburger_sv,2025-2026,Rayan Philippe,FRA,"FW,MF",FW,Hamburger SV,24,2000,28,13,1285,14.2778,5,0,5,0,1,2,0,39,16,0.41,0.13,0.31,46,0.42,73.0,1,15,4,1.0,15,17,-2,-0.14,0.47,31,13,3,24,9,2,0,,,,,,,,,,,,,,Forward,공격수,22-25,5,0.3502,0.0,0.3502,0.3502,2.7315,1.1206,2.1712,0.9105,0.2101,1.6809,0.6304,0.1282,True,True,Regular (900+ min),False,False,1.0,37.71621621621621,0.7138888888888889,41.23074324324324,27,v1_position_percentile_900min
202526_antonio_nusa_rb_leipzig,2025-2026,Antonio Nusa,NOR,"FW,MF",FW,RB Leipzig,20,2005,31,24,2027,22.5222,4,3,4,0,0,0,0,61,20,0.328,0.07,0.2,65,0.662,77.0,4,7,0,2.0,42,29,13,0.58,0.05,68,14,7,9,64,1,0,,,,,,,,,,,,,,Forward,공격수,U21,7,0.1776,0.1332,0.3108,0.1776,2.7084,0.888,3.0192,0.6216,0.3108,0.3996,2.8416,0.0656,True,True,Regular (900+ min),False,False,1.0,36.648648648648646,1.0,36.648648648648646,28,v1_position_percentile_900min
202526_shuto_machino_borussia_monchengladbach,2025-2026,Shuto Machino,JPN,"FW,MF",FW,Borussia Mönchengladbach,25,1999,32,9,1076,11.9556,3,1,3,0,0,2,0,25,11,0.44,0.12,0.27,34,0.352,79.0,2,23,1,1.16,13,32,-19,-1.59,-1.95,10,5,3,14,11,9,0,,,,,,,,,,,,,,Forward,공격수,22-25,4,0.2509,0.0836,0.3346,0.2509,2.0911,0.9201,0.8364,0.4182,0.2509,1.171,0.9201,0.12,True,True,Regular (900+ min),False,False,1.0,26.810810810810814,0.5977777777777777,36.13801801801802,29,v1_position_percentile_900min
202526_andreas_hountondji_fc_st_pauli,2025-2026,Andreas Hountondji,BEN,FW,FW,FC St. Pauli,23,2002,21,15,1067,11.8556,4,0,4,0,1,2,0,21,13,0.619,0.19,0.31,51,0.349,60.0,0,6,0,0.48,8,23,-15,-1.27,-0.54,20,0,0,9,6,7,0,,,,,,,,,,,,,,Forward,공격수,22-25,4,0.3374,0.0,0.3374,0.3374,1.7713,1.0965,1.687,0.0,0.0,0.7591,0.5061,0.1905,True,True,Regular (900+ min),False,False,1.0,26.067567567567572,0.5927777777777777,35.81338588588589,30,v1_position_percentile_900min
202526_oliver_burke_1_fc_union_berlin,2025-2026,Oliver Burke,SCO,"FW,MF",FW,1. FC Union Berlin,28,1997,29,21,1664,18.4889,6,2,6,0,0,4,0,34,15,0.441,0.18,0.4,57,0.544,74.0,4,8,4,1.0,23,32,-9,-0.49,-0.16,39,7,4,10,8,8,0,,,,,,,,,,,,,,Forward,공격수,26-29,8,0.3245,0.1082,0.4327,0.3245,1.8389,0.8113,2.1094,0.3786,0.2163,0.5409,0.4327,0.1765,True,True,Regular (900+ min),False,False,1.0,31.594594594594593,0.9244444444444444,32.98522522522522,31,v1_position_percentile_900min
202526_jean_luc_dompe_hamburger_sv,2025-2026,Jean-Luc Dompé,FRA,"FW,MF",FW,Hamburger SV,29,1995,20,12,1138,12.6444,3,0,2,1,1,0,0,25,12,0.48,0.08,0.17,57,0.372,81.0,5,8,3,1.05,16,14,2,0.16,0.91,82,5,0,2,9,4,0,,,,,,,,,,,,,,Forward,공격수,26-29,3,0.2373,0.0,0.2373,0.1582,1.9772,0.949,6.4851,0.3954,0.0,0.1582,0.7118,0.12,True,True,Regular (900+ min),False,False,1.0,22.418918918918923,0.6322222222222222,32.562627627627634,32,v1_position_percentile_900min
202526_marvin_pieringer_1_fc_heidenheim,2025-2026,Marvin Pieringer,GER,"FW,MF",FW,1. FC Heidenheim,25,1999,27,20,1650,18.3333,4,1,3,1,1,2,0,32,8,0.25,0.09,0.38,61,0.539,75.0,5,7,0,0.85,28,38,-10,-0.55,0.79,20,14,11,37,27,11,0,,,,,,,,,,,,,,Forward,공격수,22-25,5,0.2182,0.0545,0.2727,0.1636,1.7455,0.4364,1.0909,0.7636,0.6,2.0182,1.4727,0.125,True,True,Regular (900+ min),False,False,1.0,28.75675675675676,0.9166666666666666,30.52702702702703,33,v1_position_percentile_900min
202526_justin_njinmah_werder_bremen,2025-2026,Justin Njinmah,GER,"FW,MF",FW,Werder Bremen,24,2000,33,22,1947,21.6333,5,0,5,0,0,2,0,62,23,0.371,0.08,0.22,59,0.636,77.0,6,11,1,0.94,18,45,-27,-1.25,-1.57,34,14,6,8,25,20,0,,,,,,,,,,,,,,Forward,공격수,22-25,5,0.2311,0.0,0.2311,0.2311,2.8659,1.0632,1.5716,0.6471,0.2773,0.3698,1.1556,0.0806,True,True,Regular (900+ min),False,False,1.0,24.689189189189193,1.0,24.689189189189193,34,v1_position_percentile_900min
202526_martijn_kaars_fc_st_pauli,2025-2026,Martijn Kaars,NED,FW,FW,FC St. Pauli,26,1999,29,14,1348,14.9778,3,1,2,1,1,2,0,23,10,0.435,0.09,0.2,46,0.441,71.0,3,15,3,0.69,11,27,-16,-1.07,-0.28,15,5,0,8,6,4,0,,,,,,,,,,,,,,Forward,공격수,26-29,4,0.2003,0.0668,0.2671,0.1335,1.5356,0.6677,1.0015,0.3338,0.0,0.5341,0.4006,0.1304,True,True,Regular (900+ min),False,False,1.0,15.75675675675676,0.7488888888888889,24.355615615615616,35,v1_position_percentile_900min
202526_ransford_konigsdorffer_hamburger_sv,2025-2026,Ransford Königsdörffer,GHA,"FW,MF",FW,Hamburger SV,23,2001,33,29,2329,25.8778,5,1,5,0,1,2,0,65,22,0.338,0.08,0.23,71,0.761,76.0,5,4,0,1.12,33,44,-11,-0.43,-0.06,21,4,6,25,32,28,0,,,,,,,,,,,,,,Forward,공격수,22-25,6,0.1932,0.0386,0.2319,0.1932,2.5118,0.8502,0.8115,0.1546,0.2319,0.9661,1.2366,0.0769,True,True,Regular (900+ min),False,False,1.0,19.972972972972975,1.0,19.972972972972975,36,v1_position_percentile_900min
202526_lucas_holer_sc_freiburg,2025-2026,Lucas Höler,GER,"FW,MF",FW,SC Freiburg,31,1994,33,25,2037,22.6333,3,1,3,0,0,4,0,33,15,0.455,0.09,0.2,62,0.666,78.0,10,8,1,1.33,28,43,-15,-0.66,-1.45,8,12,11,30,30,12,0,,,,,,,,,,,,,,Forward,공격수,30+,4,0.1325,0.0442,0.1767,0.1325,1.458,0.6627,0.3535,0.5302,0.486,1.3255,1.3255,0.0909,True,True,Regular (900+ min),False,False,1.0,19.837837837837842,1.0,19.837837837837842,37,v1_position_percentile_900min
202526_gregor_kobel_borussia_dortmund,2025-2026,Gregor Kobel,SUI,GK,GK,Borussia Dortmund,27,1997,34,34,3060,34.0,0,0,0,0,0,3,0,0,0,,,,90,1.0,90.0,34,0,0,2.15,70,34,36,1.06,,0,0,0,0,5,0,0,34.0,1.0,117.0,88.0,0.752,22.0,7.0,5.0,15.0,0.441,5.0,5.0,0.0,Goalkeeper,골키퍼,26-29,0,0.0,0.0,0.0,0.0,0.0,0.0,0.0,0.0,0.0,0.0,0.1471,,True,True,Regular (900+ min),True,False,0.9359,93.9090909090909,1.0,93.9090909090909,1,v1_position_percentile_900min
202526_alexander_nubel_vfb_stuttgart,2025-2026,Alexander Nübel,GER,GK,GK,VfB Stuttgart,28,1996,34,34,3060,34.0,0,1,0,0,0,0,0,0,0,,,,90,1.0,90.0,34,0,0,1.82,71,49,22,0.65,,0,0,1,1,7,0,0,49.0,1.44,147.0,107.0,0.728,18.0,8.0,8.0,11.0,0.324,10.0,9.0,1.0,Goalkeeper,골키퍼,26-29,1,0.0,0.0294,0.0294,0.0,0.0,0.0,0.0,0.0,0.0294,0.0294,0.2059,,True,True,Regular (900+ min),True,False,0.9359,78.0909090909091,1.0,78.0909090909091,2,v1_position_percentile_900min
202526_moritz_nicolas_borussia_monchengladbach,2025-2026,Moritz Nicolas,GER,GK,GK,Borussia Mönchengladbach,27,1997,34,34,3060,34.0,0,0,0,0,0,1,0,0,0,,,,90,1.0,90.0,34,0,0,1.12,42,53,-11,-0.32,,0,1,0,0,3,0,0,53.0,1.56,184.0,136.0,0.739,9.0,11.0,14.0,13.0,0.382,5.0,5.0,0.0,Goalkeeper,골키퍼,26-29,0,0.0,0.0,0.0,0.0,0.0,0.0,0.0,0.0294,0.0,0.0,0.0882,,True,True,Regular (900+ min),True,False,0.9359,76.27272727272727,1.0,76.27272727272727,3,v1_position_percentile_900min
202526_jonas_urbig_bayern_munchen,2025-2026,Jonas Urbig,GER,GK,GK,Bayern München,21,2003,14,11,1111,12.3444,0,0,0,0,0,0,0,0,0,,,,79,0.363,90.0,11,3,17,2.64,40,15,25,2.03,-0.79,0,0,0,0,2,0,0,15.0,1.22,46.0,32.0,0.696,9.0,1.0,1.0,6.0,0.545,2.0,1.0,0.0,Goalkeeper,골키퍼,U21,0,0.0,0.0,0.0,0.0,0.0,0.0,0.0,0.0,0.0,0.0,0.162,,True,True,Regular (900+ min),True,False,0.9487,86.45454545454545,0.6172222222222222,72.50055555555555,4,v1_position_percentile_900min
202526_daniel_batz_mainz_05,2025-2026,Daniel Batz,GER,GK,GK,Mainz 05,34,1991,21,21,1890,21.0,0,0,0,0,0,2,0,0,0,,,,90,0.618,90.0,21,0,4,1.62,32,27,5,0.24,1.32,0,0,0,0,1,0,0,27.0,1.29,96.0,70.0,0.729,9.0,7.0,5.0,4.0,0.19,1.0,1.0,0.0,Goalkeeper,골키퍼,30+,0,0.0,0.0,0.0,0.0,0.0,0.0,0.0,0.0,0.0,0.0,0.0476,,True,True,Regular (900+ min),True,False,0.9487,71.9090909090909,1.0,71.9090909090909,5,v1_position_percentile_900min
202526_janis_blaswich_bayer_leverkusen,2025-2026,Janis Blaswich,GER,GK,GK,Bayer Leverkusen,34,1991,11,10,931,10.3444,0,0,0,0,0,1,0,0,0,,,,85,0.304,90.0,10,1,21,1.73,17,9,8,0.77,0.22,0,0,0,0,0,0,0,9.0,0.87,50.0,41.0,0.82,5.0,4.0,1.0,3.0,0.3,0.0,0.0,0.0,Goalkeeper,골키퍼,30+,0,0.0,0.0,0.0,0.0,0.0,0.0,0.0,0.0,0.0,0.0,0.0,,True,True,Regular (900+ min),True,False,0.9487,89.99999999999999,0.5172222222222222,70.68888888888888,6,v1_position_percentile_900min
202526_mark_flekken_bayer_leverkusen,2025-2026,Mark Flekken,NED,GK,GK,Bayer Leverkusen,32,1993,24,24,2129,23.6556,0,0,0,0,0,2,0,0,0,,,,89,0.696,89.0,23,0,0,1.67,51,38,13,0.55,-0.22,0,0,0,0,3,0,0,38.0,1.61,110.0,79.0,0.718,12.0,4.0,8.0,5.0,0.208,7.0,7.0,0.0,Goalkeeper,골키퍼,30+,0,0.0,0.0,0.0,0.0,0.0,0.0,0.0,0.0,0.0,0.0,0.1268,,True,True,Regular (900+ min),True,False,0.9487,65.63636363636363,1.0,65.63636363636363,7,v1_position_percentile_900min
202526_manuel_neuer_bayern_munchen,2025-2026,Manuel Neuer,GER,GK,GK,Bayern München,39,1986,22,22,1859,20.6556,0,0,0,0,0,0,0,0,0,,,,85,0.608,85.0,19,0,7,2.73,81,20,61,2.95,1.08,0,0,0,0,2,0,0,20.0,0.97,50.0,31.0,0.62,19.0,3.0,0.0,7.0,0.318,1.0,1.0,0.0,Goalkeeper,골키퍼,30+,0,0.0,0.0,0.0,0.0,0.0,0.0,0.0,0.0,0.0,0.0,0.0968,,True,True,Regular (900+ min),True,False,0.9487,64.27272727272727,1.0,64.27272727272727,8,v1_position_percentile_900min
202526_peter_gulacsi_rb_leipzig,2025-2026,Péter Gulácsi,HUN,GK,GK,RB Leipzig,35,1990,23,23,2008,22.3111,0,0,0,0,0,1,0,0,0,,,,87,0.656,87.0,22,0,6,1.74,41,32,9,0.4,-0.45,0,0,0,0,0,0,0,32.0,1.43,83.0,52.0,0.639,12.0,4.0,7.0,9.0,0.391,2.0,2.0,0.0,Goalkeeper,골키퍼,30+,0,0.0,0.0,0.0,0.0,0.0,0.0,0.0,0.0,0.0,0.0,0.0,,True,True,Regular (900+ min),True,False,0.9487,62.999999999999986,1.0,62.999999999999986,9,v1_position_percentile_900min
202526_michael_zetterer_eintracht_frankfurt,2025-2026,Michael Zetterer,GER,GK,GK,Eintracht Frankfurt,30,1995,22,21,1976,21.9556,0,0,0,0,0,1,0,0,0,,,,90,0.646,90.0,21,1,12,1.55,34,33,1,0.05,0.46,0,1,1,0,6,0,0,33.0,1.5,93.0,62.0,0.667,8.0,7.0,6.0,6.0,0.286,2.0,2.0,0.0,Goalkeeper,골키퍼,30+,0,0.0,0.0,0.0,0.0,0.0,0.0,0.0,0.0455,0.0455,0.0,0.2733,,True,True,Regular (900+ min),True,False,0.9487,60.81818181818181,1.0,60.81818181818181,10,v1_position_percentile_900min
202526_oliver_baumann_tsg_hoffenheim,2025-2026,Oliver Baumann,GER,GK,GK,TSG Hoffenheim,35,1990,34,34,3060,34.0,0,0,0,0,0,3,0,0,0,,,,90,1.0,90.0,34,0,0,1.79,65,52,13,0.38,,0,0,1,1,6,0,0,52.0,1.53,145.0,98.0,0.676,18.0,7.0,9.0,7.0,0.206,7.0,5.0,0.0,Goalkeeper,골키퍼,30+,0,0.0,0.0,0.0,0.0,0.0,0.0,0.0,0.0,0.0294,0.0294,0.1765,,True,True,Regular (900+ min),True,False,0.9359,59.54545454545455,1.0,59.54545454545455,11,v1_position_percentile_900min
202526_maarten_vandevoordt_rb_leipzig,2025-2026,Maarten Vandevoordt,BEL,GK,GK,RB Leipzig,23,2002,12,11,1052,11.6889,0,0,0,0,0,0,0,0,0,,,,88,0.344,90.0,11,1,22,2.17,25,15,10,0.86,0.45,0,0,0,0,1,0,0,15.0,1.28,44.0,30.0,0.659,8.0,1.0,2.0,2.0,0.182,1.0,0.0,1.0,Goalkeeper,골키퍼,22-25,0,0.0,0.0,0.0,0.0,0.0,0.0,0.0,0.0,0.0,0.0,0.0856,,True,True,Regular (900+ min),True,False,0.9487,58.95454545454546,0.5844444444444444,55.23343434343435,12,v1_position_percentile_900min
202526_daniel_heuer_fernandes_hamburger_sv,2025-2026,Daniel Heuer Fernandes,POR,GK,GK,Hamburger SV,32,1992,33,33,2970,33.0,0,0,0,0,0,3,0,1,0,0.0,0.0,,90,0.971,90.0,33,0,1,1.12,39,53,-14,-0.42,-0.42,0,0,0,0,4,0,0,53.0,1.61,150.0,105.0,0.687,9.0,10.0,14.0,6.0,0.182,10.0,6.0,2.0,Goalkeeper,골키퍼,30+,0,0.0,0.0,0.0,0.0,0.0303,0.0,0.0,0.0,0.0,0.0,0.1212,0.0,True,True,Regular (900+ min),True,False,0.9872,53.72727272727273,1.0,53.72727272727273,13,v1_position_percentile_900min
202526_mio_backhaus_werder_bremen,2025-2026,Mio Backhaus,GER,GK,GK,Werder Bremen,21,2004,32,32,2880,32.0,0,0,0,0,0,1,0,0,0,,,,90,0.941,90.0,32,0,0,0.91,36,56,-20,-0.62,0.87,0,0,0,0,13,0,1,56.0,1.75,151.0,100.0,0.662,7.0,8.0,17.0,5.0,0.156,5.0,5.0,0.0,Goalkeeper,골키퍼,U21,0,0.0,0.0,0.0,0.0,0.0,0.0,0.0,0.0,0.0,0.0,0.4062,,True,True,Regular (900+ min),True,False,0.9487,38.54545454545455,1.0,38.54545454545455,14,v1_position_percentile_900min
202526_nikola_vasilj_fc_st_pauli,2025-2026,Nikola Vasilj,BIH,GK,GK,FC St. Pauli,29,1995,34,34,3060,34.0,0,0,0,0,0,0,0,0,0,,,,90,1.0,90.0,34,0,0,0.76,29,60,-31,-0.91,,0,1,1,0,1,0,1,60.0,1.76,178.0,123.0,0.68,6.0,8.0,20.0,5.0,0.147,6.0,3.0,2.0,Goalkeeper,골키퍼,26-29,0,0.0,0.0,0.0,0.0,0.0,0.0,0.0,0.0294,0.0294,0.0,0.0294,,True,True,Regular (900+ min),True,False,0.9359,37.590909090909086,1.0,37.590909090909086,15,v1_position_percentile_900min
202526_noah_atubolu_sc_freiburg,2025-2026,Noah Atubolu,GER,GK,GK,SC Freiburg,23,2002,34,34,3060,34.0,0,0,0,0,0,1,0,0,0,,,,90,1.0,90.0,34,0,0,1.38,51,57,-6,-0.18,,0,0,1,0,6,0,0,57.0,1.68,156.0,100.0,0.635,13.0,8.0,13.0,6.0,0.176,1.0,0.0,1.0,Goalkeeper,골키퍼,22-25,0,0.0,0.0,0.0,0.0,0.0,0.0,0.0,0.0,0.0294,0.0,0.1765,,True,True,Regular (900+ min),True,False,0.9359,36.90909090909091,1.0,36.90909090909091,16,v1_position_percentile_900min
202526_finn_dahmen_fc_augsburg,2025-2026,Finn Dahmen,GER,GK,GK,FC Augsburg,27,1998,34,34,3060,34.0,0,0,0,0,0,1,0,1,0,0.0,0.0,,90,1.0,90.0,34,0,0,1.26,45,61,-16,-0.47,,0,0,0,0,9,0,0,61.0,1.79,159.0,105.0,0.654,12.0,7.0,15.0,5.0,0.147,7.0,6.0,1.0,Goalkeeper,골키퍼,26-29,0,0.0,0.0,0.0,0.0,0.0294,0.0,0.0,0.0,0.0,0.0,0.2647,0.0,True,True,Regular (900+ min),True,False,0.9744,29.318181818181817,1.0,29.318181818181817,17,v1_position_percentile_900min
202526_kaua_santos_eintracht_frankfurt,2025-2026,Kauã Santos,BRA,GK,GK,Eintracht Frankfurt,22,2003,13,13,1084,12.0444,0,0,0,0,0,0,0,0,0,,,,83,0.354,83.0,12,0,12,1.0,27,32,-5,-0.42,-0.46,0,1,0,0,3,0,0,32.0,2.66,68.0,37.0,0.544,3.0,4.0,6.0,2.0,0.154,1.0,1.0,0.0,Goalkeeper,골키퍼,22-25,0,0.0,0.0,0.0,0.0,0.0,0.0,0.0,0.083,0.0,0.0,0.2491,,True,True,Regular (900+ min),True,False,0.9487,14.318181818181818,0.6022222222222222,28.511616161616164,18,v1_position_percentile_900min
202526_frederik_rnnow_1_fc_union_berlin,2025-2026,Frederik Rønnow,DEN,GK,GK,1. FC Union Berlin,32,1992,30,30,2640,29.3333,0,0,0,0,0,2,0,0,0,,,,88,0.863,88.0,29,0,0,0.97,33,54,-21,-0.72,-2.22,0,1,1,1,3,0,0,54.0,1.84,125.0,75.0,0.616,7.0,8.0,15.0,5.0,0.167,6.0,6.0,0.0,Goalkeeper,골키퍼,30+,0,0.0,0.0,0.0,0.0,0.0,0.0,0.0,0.0341,0.0341,0.0341,0.1023,,True,True,Regular (900+ min),True,False,0.9487,22.636363636363637,1.0,22.636363636363637,19,v1_position_percentile_900min
202526_kamil_grabara_vfl_wolfsburg,2025-2026,Kamil Grabara,POL,GK,GK,VfL Wolfsburg,26,1999,34,34,3060,34.0,0,0,0,0,0,1,0,1,0,0.0,0.0,,90,1.0,90.0,34,0,0,0.85,45,69,-24,-0.71,,0,1,1,0,2,0,0,69.0,2.03,179.0,120.0,0.654,7.0,8.0,19.0,2.0,0.059,12.0,7.0,3.0,Goalkeeper,골키퍼,26-29,0,0.0,0.0,0.0,0.0,0.0294,0.0,0.0,0.0294,0.0294,0.0,0.0588,0.0,True,True,Regular (900+ min),True,False,0.9744,21.727272727272727,1.0,21.727272727272727,20,v1_position_percentile_900min
202526_marvin_schwabe_1_fc_koln,2025-2026,Marvin Schwäbe,GER,GK,GK,1. FC Köln,30,1995,34,34,3060,34.0,0,0,0,0,0,2,0,0,0,,,,90,1.0,90.0,34,0,0,0.94,49,63,-14,-0.41,,0,1,3,1,4,0,0,63.0,1.85,148.0,92.0,0.608,7.0,11.0,16.0,3.0,0.088,7.0,5.0,2.0,Goalkeeper,골키퍼,30+,0,0.0,0.0,0.0,0.0,0.0,0.0,0.0,0.0294,0.0882,0.0294,0.1176,,True,True,Regular (900+ min),True,False,0.9359,15.81818181818182,1.0,15.81818181818182,21,v1_position_percentile_900min
202526_diant_ramaj_1_fc_heidenheim,2025-2026,Diant Ramaj,GER,GK,GK,1. FC Heidenheim,23,2001,31,31,2790,31.0,0,1,0,0,0,2,0,0,0,,,,90,0.912,90.0,31,0,2,0.74,38,67,-29,-0.94,-0.27,0,0,0,2,2,0,0,67.0,2.16,162.0,100.0,0.617,5.0,8.0,18.0,1.0,0.032,6.0,5.0,0.0,Goalkeeper,골키퍼,22-25,1,0.0,0.0323,0.0323,0.0,0.0,0.0,0.0,0.0,0.0,0.0645,0.0645,,True,True,Regular (900+ min),True,False,0.9487,10.545454545454547,1.0,10.545454545454547,22,v1_position_percentile_900min
202526_michael_olise_bayern_munchen,2025-2026,Michael Olise,FRA,MF,MF,Bayern München,23,2001,32,23,2316,25.7333,15,19,15,0,0,8,0,102,50,0.49,0.15,0.3,72,0.757,86.0,14,9,1,2.59,94,25,69,2.68,0.62,146,11,14,32,58,7,0,,,,,,,,,,,,,,Midfielder,미드필더,22-25,34,0.5829,0.7383,1.3212,0.5829,3.9637,1.943,5.6736,0.4275,0.544,1.2435,2.2539,0.1471,True,True,Regular (900+ min),False,False,1.0,76.89552238805972,1.0,76.89552238805972,1,v1_position_percentile_900min
202526_joshua_kimmich_bayern_munchen,2025-2026,Joshua Kimmich,GER,MF,MF,Bayern München,30,1995,29,24,2280,25.3333,2,8,2,0,0,4,0,28,10,0.357,0.07,0.2,79,0.745,88.0,19,5,1,2.55,89,25,64,2.53,-0.01,126,26,24,8,21,0,0,,,,,,,,,,,,,,Midfielder,미드필더,30+,10,0.0789,0.3158,0.3947,0.0789,1.1053,0.3947,4.9737,1.0263,0.9474,0.3158,0.8289,0.0714,True,True,Regular (900+ min),False,False,1.0,75.90298507462687,1.0,75.90298507462687,2,v1_position_percentile_900min
202526_alex_grimaldo_bayer_leverkusen,2025-2026,Álex Grimaldo,ESP,MF,MF,Bayer Leverkusen,29,1995,29,29,2521,28.0111,8,7,5,3,3,5,0,61,21,0.344,0.08,0.24,87,0.824,87.0,25,0,1,1.79,60,40,20,0.71,0.55,174,25,18,11,29,8,0,,,,,,,,,,,,,,Midfielder,미드필더,26-29,15,0.2856,0.2499,0.5355,0.1785,2.1777,0.7497,6.2118,0.8925,0.6426,0.3927,1.0353,0.1311,True,True,Regular (900+ min),False,False,1.0,71.74626865671641,1.0,71.74626865671641,3,v1_position_percentile_900min
202526_ibrahim_maza_bayer_leverkusen,2025-2026,Ibrahim Maza,ALG,MF,MF,Bayer Leverkusen,19,2005,28,20,1849,20.5444,3,4,3,0,0,2,0,54,17,0.315,0.06,0.18,66,0.604,79.0,9,8,2,1.64,42,27,15,0.73,0.28,64,24,16,19,36,3,0,,,,,,,,,,,,,,Midfielder,미드필더,U21,7,0.146,0.1947,0.3407,0.146,2.6284,0.8275,3.1152,1.1682,0.7788,0.9248,1.7523,0.0556,True,True,Regular (900+ min),False,False,1.0,70.86567164179105,1.0,70.86567164179105,4,v1_position_percentile_900min
202526_fares_chaibi_eintracht_frankfurt,2025-2026,Fares Chaïbi,ALG,MF,MF,Eintracht Frankfurt,22,2002,28,21,1792,19.9111,2,9,2,0,0,2,0,35,9,0.257,0.06,0.22,64,0.586,77.0,8,7,2,1.36,40,38,2,0.1,0.53,91,21,13,14,21,5,0,,,,,,,,,,,,,,Midfielder,미드필더,22-25,11,0.1004,0.452,0.5525,0.1004,1.7578,0.452,4.5703,1.0547,0.6529,0.7031,1.0547,0.0571,True,True,Regular (900+ min),False,False,1.0,70.93283582089552,0.9955555555555555,70.83980099502487,5,v1_position_percentile_900min
202526_luis_diaz_bayern_munchen,2025-2026,Luis Díaz,COL,MF,MF,Bayern München,28,1997,32,27,2447,27.1889,15,14,15,0,0,7,1,88,37,0.42,0.17,0.41,76,0.8,84.0,19,5,0,2.66,98,29,69,2.54,0.04,45,13,17,35,38,26,0,,,,,,,,,,,,,,Midfielder,미드필더,26-29,29,0.5517,0.5149,1.0666,0.5517,3.2366,1.3609,1.6551,0.4781,0.6253,1.2873,1.3976,0.1705,True,True,Regular (900+ min),False,False,1.0,69.44029850746269,1.0,69.44029850746269,6,v1_position_percentile_900min
202526_lennart_karl_bayern_munchen,2025-2026,Lennart Karl,GER,MF,MF,Bayern München,17,2008,26,16,1281,14.2333,5,5,5,0,0,1,0,42,21,0.5,0.12,0.24,49,0.419,67.0,4,10,4,2.58,50,14,36,2.53,0.0,29,15,11,5,11,4,0,,,,,,,,,,,,,,Midfielder,미드필더,U21,10,0.3513,0.3513,0.7026,0.3513,2.9508,1.4754,2.0375,1.0539,0.7728,0.3513,0.7728,0.119,True,True,Regular (900+ min),False,False,1.0,75.6268656716418,0.7116666666666667,68.23778606965175,7,v1_position_percentile_900min
202526_jan_niklas_beste_sc_freiburg,2025-2026,Jan-Niklas Beste,GER,MF,MF,SC Freiburg,26,1999,28,20,1704,18.9333,2,2,2,0,0,5,0,24,14,0.583,0.08,0.14,61,0.557,77.0,6,8,1,1.54,33,25,8,0.42,1.35,106,24,17,17,36,5,0,,,,,,,,,,,,,,Midfielder,미드필더,26-29,4,0.1056,0.1056,0.2113,0.1056,1.2676,0.7394,5.5986,1.2676,0.8979,0.8979,1.9014,0.0833,True,True,Regular (900+ min),False,False,1.0,69.06716417910448,0.9466666666666667,68.0502487562189,8,v1_position_percentile_900min
202526_christoph_baumgartner_rb_leipzig,2025-2026,Christoph Baumgartner,AUT,MF,MF,RB Leipzig,25,1999,33,32,2780,30.8889,13,8,13,0,1,10,0,81,35,0.432,0.16,0.37,84,0.908,86.0,18,1,0,1.97,63,37,26,0.84,3.09,6,40,22,63,33,4,0,,,,,,,,,,,,,,Midfielder,미드필더,22-25,21,0.4209,0.259,0.6799,0.4209,2.6223,1.1331,0.1942,1.295,0.7122,2.0396,1.0683,0.1605,True,True,Regular (900+ min),False,False,1.0,67.11940298507463,1.0,67.11940298507463,9,v1_position_percentile_900min
202526_julian_ryerson_borussia_dortmund,2025-2026,Julian Ryerson,NOR,MF,MF,Borussia Dortmund,27,1997,31,26,2266,25.1778,0,15,0,0,0,8,0,12,1,0.083,0.0,0.0,73,0.741,84.0,15,5,2,2.23,48,21,27,1.07,0.05,250,21,12,26,21,4,0,,,,,,,,,,,,,,Midfielder,미드필더,26-29,15,0.0,0.5958,0.5958,0.0,0.4766,0.0397,9.9294,0.8341,0.4766,1.0327,0.8341,0.0,True,True,Regular (900+ min),False,False,1.0,66.8358208955224,1.0,66.8358208955224,10,v1_position_percentile_900min
202526_jamie_leweling_vfb_stuttgart,2025-2026,Jamie Leweling,GER,MF,MF,VfB Stuttgart,24,2001,32,26,2367,26.3,7,9,7,0,0,4,0,49,18,0.367,0.14,0.39,74,0.774,84.0,10,6,0,1.75,50,40,10,0.38,-1.18,123,12,13,17,43,15,0,,,,,,,,,,,,,,Midfielder,미드필더,22-25,16,0.2662,0.3422,0.6084,0.2662,1.8631,0.6844,4.6768,0.4563,0.4943,0.6464,1.635,0.1429,True,True,Regular (900+ min),False,False,1.0,66.70149253731344,1.0,66.70149253731344,11,v1_position_percentile_900min
202526_bilal_el_khannouss_vfb_stuttgart,2025-2026,Bilal El Khannouss,MAR,"MF,FW",MF,VfB Stuttgart,21,2004,25,19,1630,18.1111,4,5,4,0,0,6,0,42,15,0.357,0.1,0.27,65,0.533,80.0,7,6,2,1.84,33,30,3,0.17,-1.03,65,21,10,19,9,1,0,,,,,,,,,,,,,,Midfielder,미드필더,U21,9,0.2209,0.2761,0.4969,0.2209,2.319,0.8282,3.589,1.1595,0.5521,1.0491,0.4969,0.0952,True,True,Regular (900+ min),False,False,1.0,67.74626865671641,0.9055555555555556,66.07023217247097,12,v1_position_percentile_900min
202526_bazoumana_toure_tsg_hoffenheim,2025-2026,Bazoumana Touré,CIV,"MF,FW",MF,TSG Hoffenheim,19,2006,30,29,2308,25.6444,5,9,5,0,0,2,0,48,13,0.271,0.1,0.38,77,0.754,79.0,10,1,3,1.7,49,44,5,0.19,-0.76,118,22,6,44,29,8,0,,,,,,,,,,,,,,Midfielder,미드필더,U21,14,0.195,0.351,0.5459,0.195,1.8718,0.5069,4.6014,0.8579,0.234,1.7158,1.1308,0.1042,True,True,Regular (900+ min),False,False,1.0,64.93283582089552,1.0,64.93283582089552,13,v1_position_percentile_900min
202526_nadiem_amiri_mainz_05,2025-2026,Nadiem Amiri,GER,MF,MF,Mainz 05,28,1996,26,24,2083,23.1444,12,2,4,8,8,6,0,54,22,0.407,0.07,0.18,80,0.681,85.0,13,2,0,1.08,32,33,-1,-0.04,0.69,136,18,19,20,26,3,0,,,,,,,,,,,,,,Midfielder,미드필더,26-29,14,0.5185,0.0864,0.6049,0.1728,2.3332,0.9506,5.8761,0.7777,0.8209,0.8641,1.1234,0.2222,True,True,Regular (900+ min),False,False,1.0,64.28358208955224,1.0,64.28358208955224,14,v1_position_percentile_900min
202526_wouter_burger_tsg_hoffenheim,2025-2026,Wouter Burger,NED,MF,MF,TSG Hoffenheim,24,2001,30,30,2430,27.0,4,5,4,0,0,7,1,36,13,0.361,0.11,0.31,81,0.794,81.0,18,0,0,1.9,52,35,17,0.63,1.2,89,42,19,57,12,1,0,,,,,,,,,,,,,,Midfielder,미드필더,22-25,9,0.1481,0.1852,0.3333,0.1481,1.3333,0.4815,3.2963,1.5556,0.7037,2.1111,0.4444,0.1111,True,True,Regular (900+ min),False,False,1.0,64.23880597014926,1.0,64.23880597014926,15,v1_position_percentile_900min
202526_ritsu_doan_eintracht_frankfurt,2025-2026,Ritsu Doan,JPN,MF,MF,Eintracht Frankfurt,27,1998,31,28,2364,26.2667,5,5,5,0,0,5,0,41,15,0.366,0.12,0.33,76,0.773,81.0,11,3,1,1.32,50,44,6,0.23,1.52,111,23,17,26,35,3,0,,,,,,,,,,,,,,Midfielder,미드필더,26-29,10,0.1904,0.1904,0.3807,0.1904,1.5609,0.5711,4.2259,0.8756,0.6472,0.9898,1.3325,0.122,True,True,Regular (900+ min),False,False,1.0,63.768656716417915,1.0,63.768656716417915,16,v1_position_percentile_900min
202526_patrick_wimmer_vfl_wolfsburg,2025-2026,Patrick Wimmer,AUT,MF,MF,VfL Wolfsburg,24,2001,25,21,1621,18.0111,4,3,4,0,0,4,0,24,8,0.333,0.17,0.5,65,0.53,73.0,3,4,0,1.0,27,32,-5,-0.28,0.91,25,20,23,28,33,2,0,,,,,,,,,,,,,,Midfielder,미드필더,22-25,7,0.2221,0.1666,0.3886,0.2221,1.3325,0.4442,1.388,1.1104,1.277,1.5546,1.8322,0.1667,True,True,Regular (900+ min),False,False,1.0,65.25373134328359,0.9005555555555556,63.736832504145944,17,v1_position_percentile_900min
202526_dimitris_giannoulis_fc_augsburg,2025-2026,Dimitris Giannoulis,GRE,MF,MF,FC Augsburg,29,1995,27,25,1888,20.9778,2,5,2,0,0,8,0,10,6,0.6,0.2,0.33,70,0.617,74.0,9,2,0,1.37,32,39,-7,-0.33,0.36,99,20,21,16,20,4,0,,,,,,,,,,,,,,Midfielder,미드필더,26-29,7,0.0953,0.2383,0.3337,0.0953,0.4767,0.286,4.7193,0.9534,1.0011,0.7627,0.9534,0.2,True,True,Regular (900+ min),False,False,1.0,63.48507462686567,1.0,63.48507462686567,18,v1_position_percentile_900min
202526_maximilian_beier_borussia_dortmund,2025-2026,Maximilian Beier,GER,"MF,FW",MF,Borussia Dortmund,22,2002,32,24,2026,22.5111,9,6,9,0,0,3,0,50,20,0.4,0.18,0.45,63,0.662,77.0,4,8,1,2.16,48,18,30,1.33,0.81,28,16,11,31,24,3,0,,,,,,,,,,,,,,Midfielder,미드필더,22-25,15,0.3998,0.2665,0.6663,0.3998,2.2211,0.8885,1.2438,0.7108,0.4886,1.3771,1.0661,0.18,True,True,Regular (900+ min),False,False,1.0,62.42537313432837,1.0,62.42537313432837,19,v1_position_percentile_900min
202526_yan_couto_borussia_dortmund,2025-2026,Yan Couto,BRA,MF,MF,Borussia Dortmund,23,2002,19,11,997,11.0778,2,2,2,0,0,4,0,9,4,0.444,0.22,0.5,52,0.326,80.0,5,8,13,2.26,25,14,11,0.99,-0.1,54,15,9,17,13,2,0,,,,,,,,,,,,,,Midfielder,미드필더,22-25,4,0.1805,0.1805,0.3611,0.1805,0.8124,0.3611,4.8746,1.3541,0.8124,1.5346,1.1735,0.2222,True,True,Regular (900+ min),False,False,1.0,72.19776119402985,0.5538888888888889,62.29509328358209,20,v1_position_percentile_900min
202526_nikolas_nartey_vfb_stuttgart,2025-2026,Nikolas Nartey,DEN,MF,MF,VfB Stuttgart,25,2000,28,14,1256,13.9556,4,3,4,0,0,2,0,22,12,0.545,0.18,0.33,45,0.41,74.0,2,14,4,2.07,34,13,21,1.5,1.45,14,12,10,18,23,1,0,,,,,,,,,,,,,,Midfielder,미드필더,22-25,7,0.2866,0.215,0.5016,0.2866,1.5764,0.8599,1.0032,0.8599,0.7166,1.2898,1.6481,0.1818,True,True,Regular (900+ min),False,False,1.0,66.71268656716418,0.6977777777777778,61.661741293532344,21,v1_position_percentile_900min
202526_miro_muheim_hamburger_sv,2025-2026,Miro Muheim,SUI,"MF,DF",MF,Hamburger SV,27,1998,29,27,2435,27.0556,0,4,0,0,0,7,1,24,7,0.292,0.0,0.0,84,0.796,88.0,23,2,0,1.1,33,42,-9,-0.33,0.39,148,35,27,39,50,1,0,,,,,,,,,,,,,,Midfielder,미드필더,26-29,4,0.0,0.1478,0.1478,0.0,0.8871,0.2587,5.4702,1.2936,0.9979,1.4415,1.848,0.0,True,True,Regular (900+ min),False,False,1.0,61.50000000000001,1.0,61.50000000000001,22,v1_position_percentile_900min
202526_jean_matteo_bahoya_eintracht_frankfurt,2025-2026,Jean Mattéo Bahoya,FRA,"MF,FW",MF,Eintracht Frankfurt,20,2005,27,15,1331,14.7889,3,4,3,0,0,2,0,29,9,0.31,0.1,0.33,49,0.435,69.0,4,12,2,1.26,22,28,-6,-0.41,-0.51,33,14,12,13,22,3,0,,,,,,,,,,,,,,Midfielder,미드필더,U21,7,0.2029,0.2705,0.4733,0.2029,1.9609,0.6086,2.2314,0.9467,0.8114,0.879,1.4876,0.1034,True,True,Regular (900+ min),False,False,1.0,65.46268656716417,0.7394444444444445,61.43379767827528,23,v1_position_percentile_900min
202526_chris_fuhrich_vfb_stuttgart,2025-2026,Chris Führich,GER,MF,MF,VfB Stuttgart,27,1998,33,20,1698,18.8667,7,7,7,0,0,2,0,45,23,0.511,0.16,0.3,51,0.555,70.0,1,13,1,1.79,41,28,13,0.69,0.09,86,9,3,6,7,5,0,,,,,,,,,,,,,,Midfielder,미드필더,26-29,14,0.371,0.371,0.742,0.371,2.3852,1.2191,4.5583,0.477,0.159,0.318,0.371,0.1556,True,True,Regular (900+ min),False,False,1.0,62.02985074626866,0.9433333333333334,61.3481592039801,24,v1_position_percentile_900min
202526_johan_manzambi_sc_freiburg,2025-2026,Johan Manzambi,SUI,MF,MF,SC Freiburg,19,2005,27,26,2077,23.0778,5,4,5,0,0,4,2,51,13,0.255,0.1,0.38,77,0.679,78.0,8,1,1,1.37,36,36,0,0.0,0.55,35,14,27,22,78,2,0,,,,,,,,,,,,,,Midfielder,미드필더,U21,9,0.2167,0.1733,0.39,0.2167,2.2099,0.5633,1.5166,0.6066,1.17,0.9533,3.3799,0.098,True,True,Regular (900+ min),False,False,1.0,60.95522388059702,1.0,60.95522388059702,25,v1_position_percentile_900min
202526_malik_tillman_bayer_leverkusen,2025-2026,Malik Tillman,USA,MF,MF,Bayer Leverkusen,23,2002,29,18,1674,18.6,6,1,6,0,0,2,0,34,13,0.382,0.18,0.46,58,0.547,79.0,7,11,0,1.79,31,25,6,0.32,-0.65,18,30,19,19,29,1,0,,,,,,,,,,,,,,Midfielder,미드필더,22-25,7,0.3226,0.0538,0.3763,0.3226,1.828,0.6989,0.9677,1.6129,1.0215,1.0215,1.5591,0.1765,True,True,Regular (900+ min),False,False,1.0,61.253731343283576,0.93,60.46597014925373,26,v1_position_percentile_900min
202526_vincenzo_grifo_sc_freiburg,2025-2026,Vincenzo Grifo,ITA,MF,MF,SC Freiburg,32,1993,33,21,1710,19.0,7,4,3,4,4,0,0,30,12,0.4,0.1,0.25,52,0.559,70.0,4,12,1,1.42,27,33,-6,-0.32,-0.32,111,5,16,10,12,2,0,,,,,,,,,,,,,,Midfielder,미드필더,30+,11,0.3684,0.2105,0.5789,0.1579,1.5789,0.6316,5.8421,0.2632,0.8421,0.5263,0.6316,0.2333,True,True,Regular (900+ min),False,False,1.0,60.74626865671642,0.95,60.208955223880594,27,v1_position_percentile_900min
202526_rocco_reitz_borussia_monchengladbach,2025-2026,Rocco Reitz,GER,MF,MF,Borussia Mönchengladbach,23,2002,31,31,2627,29.1889,0,4,0,0,0,8,1,47,14,0.298,0.0,0.0,85,0.858,85.0,19,0,0,1.03,27,46,-19,-0.65,-2.31,86,42,49,35,55,6,0,,,,,,,,,,,,,,Midfielder,미드필더,22-25,4,0.0,0.137,0.137,0.0,1.6102,0.4796,2.9463,1.4389,1.6787,1.1991,1.8843,0.0,True,True,Regular (900+ min),False,False,1.0,59.895522388059696,1.0,59.895522388059696,28,v1_position_percentile_900min
202526_aleix_garcia_bayer_leverkusen,2025-2026,Aleix García,ESP,MF,MF,Bayer Leverkusen,28,1997,33,31,2667,29.6333,3,8,3,0,0,6,0,30,5,0.167,0.1,0.6,81,0.872,83.0,19,2,0,1.7,59,39,20,0.67,0.45,123,20,22,8,19,2,0,,,,,,,,,,,,,,Midfielder,미드필더,26-29,11,0.1012,0.27,0.3712,0.1012,1.0124,0.1687,4.1507,0.6749,0.7424,0.27,0.6412,0.1,True,True,Regular (900+ min),False,False,1.0,59.66417910447761,1.0,59.66417910447761,29,v1_position_percentile_900min
202526_andrej_kramaric_tsg_hoffenheim,2025-2026,Andrej Kramarić,CRO,"MF,FW",MF,TSG Hoffenheim,34,1991,34,26,2207,24.5222,14,6,9,5,5,2,0,64,33,0.516,0.14,0.27,65,0.721,75.0,4,8,0,1.79,53,33,20,0.82,1.55,82,5,7,5,14,5,0,,,,,,,,,,,,,,Midfielder,미드필더,30+,20,0.5709,0.2447,0.8156,0.367,2.6099,1.3457,3.3439,0.2039,0.2855,0.2039,0.5709,0.2188,True,True,Regular (900+ min),False,False,1.0,59.44029850746267,1.0,59.44029850746267,30,v1_position_percentile_900min
202526_serge_gnabry_bayern_munchen,2025-2026,Serge Gnabry,GER,MF,MF,Bayern München,30,1995,21,16,1219,13.5444,8,6,8,0,0,1,0,50,17,0.34,0.16,0.47,58,0.398,68.0,1,5,4,2.71,48,14,34,2.51,-0.03,21,10,4,9,6,6,0,,,,,,,,,,,,,,Midfielder,미드필더,30+,14,0.5906,0.443,1.0336,0.5906,3.6916,1.2551,1.5505,0.7383,0.2953,0.6645,0.443,0.16,True,True,Regular (900+ min),False,False,1.0,63.865671641791046,0.6772222222222222,59.390140961857384,31,v1_position_percentile_900min
202526_angelo_stiller_vfb_stuttgart,2025-2026,Angelo Stiller,GER,MF,MF,VfB Stuttgart,24,2001,34,30,2743,30.4778,2,5,2,0,1,1,0,17,8,0.471,0.12,0.25,81,0.896,88.0,23,4,0,1.82,65,43,22,0.72,0.72,105,23,28,18,44,0,0,,,,,,,,,,,,,,Midfielder,미드필더,22-25,7,0.0656,0.1641,0.2297,0.0656,0.5578,0.2625,3.4451,0.7546,0.9187,0.5906,1.4437,0.1176,True,True,Regular (900+ min),False,False,1.0,59.33582089552238,1.0,59.33582089552238,32,v1_position_percentile_900min
202526_nathaniel_brown_eintracht_frankfurt,2025-2026,Nathaniel Brown,GER,"MF,DF",MF,Eintracht Frankfurt,22,2003,33,29,2656,29.5111,4,4,4,0,0,3,0,18,9,0.5,0.22,0.44,80,0.868,86.0,23,4,0,1.33,52,55,-3,-0.1,0.12,45,57,25,27,33,1,0,,,,,,,,,,,,,,Midfielder,미드필더,22-25,8,0.1355,0.1355,0.2711,0.1355,0.6099,0.305,1.5248,1.9315,0.8471,0.9149,1.1182,0.2222,True,True,Regular (900+ min),False,False,1.0,59.3134328358209,1.0,59.3134328358209,33,v1_position_percentile_900min
202526_alexander_prass_tsg_hoffenheim,2025-2026,Alexander Prass,AUT,MF,MF,TSG Hoffenheim,24,2001,32,12,1308,14.5333,3,2,3,0,0,4,0,18,11,0.611,0.17,0.27,41,0.427,80.0,4,20,2,1.88,25,25,0,0.0,-0.67,47,22,6,26,21,2,0,,,,,,,,,,,,,,Midfielder,미드필더,22-25,5,0.2064,0.1376,0.344,0.2064,1.2385,0.7569,3.2339,1.5138,0.4128,1.789,1.445,0.1667,True,True,Regular (900+ min),False,False,1.0,62.7313432835821,0.7266666666666667,59.25144278606966,34,v1_position_percentile_900min
202526_can_uzun_eintracht_frankfurt,2025-2026,Can Uzun,TUR,MF,MF,Eintracht Frankfurt,19,2005,21,15,1156,12.8444,8,4,7,1,1,3,0,41,19,0.463,0.17,0.37,55,0.378,68.0,2,6,2,1.19,28,27,1,0.08,0.31,24,9,3,15,26,0,0,,,,,,,,,,,,,,Midfielder,미드필더,U21,12,0.6228,0.3114,0.9343,0.545,3.192,1.4792,1.8685,0.7007,0.2336,1.1678,2.0242,0.1951,True,True,Regular (900+ min),False,False,1.0,64.2910447761194,0.6422222222222222,59.178026533996686,35,v1_position_percentile_900min
202526_karim_adeyemi_borussia_dortmund,2025-2026,Karim Adeyemi,GER,"MF,FW",MF,Borussia Dortmund,23,2002,28,15,1195,13.2778,7,4,7,0,0,5,0,31,14,0.452,0.23,0.5,43,0.391,69.0,0,13,1,2.29,27,14,13,0.98,-0.13,11,4,8,21,25,5,0,,,,,,,,,,,,,,Midfielder,미드필더,22-25,11,0.5272,0.3013,0.8285,0.5272,2.3347,1.0544,0.8285,0.3013,0.6025,1.5816,1.8828,0.2258,True,True,Regular (900+ min),False,False,1.0,63.58208955223882,0.6638888888888889,59.01699834162522,36,v1_position_percentile_900min
202526_alexis_claude_maurice_fc_augsburg,2025-2026,Alexis Claude-Maurice,FRA,"MF,FW",MF,FC Augsburg,27,1998,29,25,2097,23.3,5,4,4,1,2,3,0,71,26,0.366,0.06,0.15,72,0.685,80.0,11,4,1,1.28,29,43,-14,-0.6,-0.41,65,26,8,23,42,1,0,,,,,,,,,,,,,,Midfielder,미드필더,26-29,9,0.2146,0.1717,0.3863,0.1717,3.0472,1.1159,2.7897,1.1159,0.3433,0.9871,1.8026,0.0704,True,True,Regular (900+ min),False,False,1.0,58.992537313432834,1.0,58.992537313432834,37,v1_position_percentile_900min
202526_christian_eriksen_vfl_wolfsburg,2025-2026,Christian Eriksen,DEN,MF,MF,VfL Wolfsburg,33,1992,31,27,2410,26.7778,3,9,0,3,4,4,0,38,14,0.368,0.0,0.0,78,0.788,85.0,10,4,1,0.77,36,53,-17,-0.63,0.33,131,20,18,13,5,3,0,,,,,,,,,,,,,,Midfielder,미드필더,30+,12,0.112,0.3361,0.4481,0.0,1.4191,0.5228,4.8921,0.7469,0.6722,0.4855,0.1867,0.0789,True,True,Regular (900+ min),False,False,1.0,58.63059701492538,1.0,58.63059701492538,38,v1_position_percentile_900min
202526_arthur_bayer_leverkusen,2025-2026,Arthur,BRA,MF,MF,Bayer Leverkusen,22,2003,20,13,1136,12.6222,1,3,1,0,0,3,0,10,2,0.2,0.1,0.5,57,0.371,73.0,7,7,3,1.8,25,18,7,0.55,-0.1,33,12,18,19,10,3,0,,,,,,,,,,,,,,Midfielder,미드필더,22-25,4,0.0792,0.2377,0.3169,0.0792,0.7923,0.1585,2.6144,0.9507,1.4261,1.5053,0.7923,0.1,True,True,Regular (900+ min),False,False,1.0,63.05223880597015,0.6311111111111111,58.237412935323384,39,v1_position_percentile_900min
202526_leon_goretzka_bayern_munchen,2025-2026,Leon Goretzka,GER,MF,MF,Bayern München,30,1995,31,25,1947,21.6333,5,3,5,0,0,4,0,35,11,0.314,0.14,0.45,63,0.636,74.0,10,6,3,2.65,72,20,52,2.4,-0.35,7,19,26,15,16,2,0,,,,,,,,,,,,,,Midfielder,미드필더,30+,8,0.2311,0.1387,0.3698,0.2311,1.6179,0.5085,0.3236,0.8783,1.2018,0.6934,0.7396,0.1429,True,True,Regular (900+ min),False,False,1.0,57.97014925373134,1.0,57.97014925373134,40,v1_position_percentile_900min
202526_manolis_saliakas_fc_st_pauli,2025-2026,Manolis Saliakas,GRE,MF,MF,FC St. Pauli,28,1996,17,12,1106,12.2889,1,3,1,0,0,3,0,16,3,0.188,0.06,0.33,65,0.361,81.0,4,5,8,1.12,12,21,-9,-0.73,0.28,44,20,13,4,7,4,0,,,,,,,,,,,,,,Midfielder,미드필더,26-29,4,0.0814,0.2441,0.3255,0.0814,1.302,0.2441,3.5805,1.6275,1.0579,0.3255,0.5696,0.0625,True,True,Regular (900+ min),False,False,1.0,62.16417910447761,0.6144444444444445,57.474212271973464,41,v1_position_percentile_900min
202526_cameron_puertas_werder_bremen,2025-2026,Cameron Puertas,SUI,MF,MF,Werder Bremen,26,1998,28,22,1846,20.5111,1,2,1,0,0,6,0,37,8,0.216,0.03,0.13,66,0.603,80.0,10,6,3,1.04,24,30,-6,-0.29,0.97,77,37,19,37,22,2,0,,,,,,,,,,,,,,Midfielder,미드필더,26-29,3,0.0488,0.0975,0.1463,0.0488,1.8039,0.39,3.7541,1.8039,0.9263,1.8039,1.0726,0.027,True,True,Regular (900+ min),False,False,1.0,57.19402985074626,1.0,57.19402985074626,42,v1_position_percentile_900min
202526_fabio_vieira_hamburger_sv,2025-2026,Fabio Vieira,POR,"MF,FW",MF,Hamburger SV,25,2000,29,25,2206,24.5111,7,5,6,1,1,4,2,59,19,0.322,0.1,0.32,76,0.721,84.0,10,4,0,1.14,29,36,-7,-0.29,0.45,59,9,15,18,44,1,0,,,,,,,,,,,,,,Midfielder,미드필더,22-25,12,0.2856,0.204,0.4896,0.2448,2.4071,0.7752,2.4071,0.3672,0.612,0.7344,1.7951,0.1186,True,True,Regular (900+ min),False,False,1.0,57.02238805970149,1.0,57.02238805970149,43,v1_position_percentile_900min
202526_mert_komur_fc_augsburg,2025-2026,Mert Kömür,GER,"MF,FW",MF,FC Augsburg,20,2005,28,17,1464,16.2667,2,4,2,0,0,1,0,41,16,0.39,0.05,0.13,52,0.478,74.0,6,11,5,1.25,21,28,-7,-0.43,0.08,60,13,8,26,18,2,0,,,,,,,,,,,,,,Midfielder,미드필더,U21,6,0.123,0.2459,0.3689,0.123,2.5205,0.9836,3.6885,0.7992,0.4918,1.5984,1.1066,0.0488,True,True,Regular (900+ min),False,False,1.0,58.56716417910448,0.8133333333333334,56.96796019900498,44,v1_position_percentile_900min
202526_tiago_tomas_vfb_stuttgart,2025-2026,Tiago Tomás,POR,"MF,FW",MF,VfB Stuttgart,23,2002,27,10,1020,11.3333,5,3,5,0,0,4,0,35,10,0.286,0.14,0.5,38,0.333,70.0,0,17,0,1.81,27,23,4,0.35,-0.44,12,8,5,12,29,3,0,,,,,,,,,,,,,,Midfielder,미드필더,22-25,8,0.4412,0.2647,0.7059,0.4412,3.0882,0.8824,1.0588,0.7059,0.4412,1.0588,2.5588,0.1429,True,True,Regular (900+ min),False,False,1.0,62.14925373134329,0.5666666666666667,56.88457711442787,45,v1_position_percentile_900min
202526_arijon_ibrahimovic_1_fc_heidenheim,2025-2026,Arijon Ibrahimović,GER,"MF,FW",MF,1. FC Heidenheim,19,2005,32,25,2169,24.1,2,4,1,1,1,2,0,47,19,0.404,0.02,0.05,68,0.709,78.0,10,7,0,0.78,29,49,-20,-0.83,0.28,127,18,23,13,27,5,0,,,,,,,,,,,,,,Midfielder,미드필더,U21,6,0.083,0.166,0.249,0.0415,1.9502,0.7884,5.2697,0.7469,0.9544,0.5394,1.1203,0.0426,True,True,Regular (900+ min),False,False,1.0,56.88432835820896,1.0,56.88432835820896,46,v1_position_percentile_900min
202526_maximilian_arnold_vfl_wolfsburg,2025-2026,Maximilian Arnold,GER,MF,MF,VfL Wolfsburg,31,1994,25,20,1859,20.6556,1,4,1,0,0,5,0,13,5,0.385,0.08,0.2,74,0.608,90.0,20,5,2,0.92,31,41,-10,-0.48,0.56,81,15,24,17,26,0,0,,,,,,,,,,,,,,Midfielder,미드필더,30+,5,0.0484,0.1937,0.2421,0.0484,0.6294,0.2421,3.9215,0.7262,1.1619,0.823,1.2587,0.0769,True,True,Regular (900+ min),False,False,1.0,56.238805970149265,1.0,56.238805970149265,47,v1_position_percentile_900min
202526_ernest_poku_bayer_leverkusen,2025-2026,Ernest Poku,NED,MF,MF,Bayer Leverkusen,21,2004,29,16,1482,16.4667,5,5,5,0,0,0,0,27,9,0.333,0.19,0.56,51,0.484,73.0,2,13,4,1.69,33,19,14,0.85,0.45,13,9,8,4,17,3,0,,,,,,,,,,,,,,Midfielder,미드필더,U21,10,0.3036,0.3036,0.6073,0.3036,1.6397,0.5466,0.7895,0.5466,0.4858,0.2429,1.0324,0.1852,True,True,Regular (900+ min),False,False,1.0,56.53731343283582,0.8233333333333334,55.3823880597015,48,v1_position_percentile_900min
202526_assan_ouedraogo_rb_leipzig,2025-2026,Assan Ouedraogo,GER,MF,MF,RB Leipzig,19,2006,19,13,948,10.5333,4,3,4,0,0,0,0,27,13,0.481,0.15,0.31,50,0.31,68.0,1,6,0,2.26,29,14,15,1.42,1.25,4,6,3,4,22,1,0,,,,,,,,,,,,,,Midfielder,미드필더,U21,7,0.3797,0.2848,0.6646,0.3797,2.5633,1.2342,0.3797,0.5696,0.2848,0.3797,2.0886,0.1481,True,True,Regular (900+ min),False,False,1.0,60.01492537313433,0.5266666666666666,55.27452736318408,49,v1_position_percentile_900min
202526_grischa_promel_tsg_hoffenheim,2025-2026,Grischa Prömel,GER,MF,MF,TSG Hoffenheim,30,1995,33,16,1758,19.5333,7,2,7,0,0,5,0,43,14,0.326,0.16,0.5,53,0.575,86.0,11,17,0,1.82,36,33,3,0.15,-0.54,11,16,15,23,28,1,0,,,,,,,,,,,,,,Midfielder,미드필더,30+,9,0.3584,0.1024,0.4608,0.3584,2.2014,0.7167,0.5631,0.8191,0.7679,1.1775,1.4334,0.1628,True,True,Regular (900+ min),False,False,1.0,55.38059701492537,0.9766666666666667,55.25504975124378,50,v1_position_percentile_900min
202526_adam_daghim_vfl_wolfsburg,2025-2026,Adam Daghim,DEN,"MF,FW",MF,VfL Wolfsburg,19,2005,27,12,1364,15.1556,2,3,2,0,0,3,0,27,9,0.333,0.07,0.22,51,0.446,83.0,5,15,1,0.67,18,33,-15,-0.99,-0.51,20,20,11,18,23,4,0,,,,,,,,,,,,,,Midfielder,미드필더,U21,5,0.132,0.1979,0.3299,0.132,1.7815,0.5938,1.3196,1.3196,0.7258,1.1877,1.5176,0.0741,True,True,Regular (900+ min),False,False,1.0,56.902985074626876,0.7577777777777778,55.230928689883925,51,v1_position_percentile_900min
202526_romano_schmid_werder_bremen,2025-2026,Romano Schmid,AUT,"MF,FW",MF,Werder Bremen,25,2000,34,34,2982,33.1333,4,8,1,3,4,4,0,57,21,0.368,0.02,0.05,88,0.975,88.0,23,0,0,0.94,34,57,-23,-0.69,-0.69,154,28,13,19,31,5,0,,,,,,,,,,,,,,Midfielder,미드필더,22-25,12,0.1207,0.2414,0.3622,0.0302,1.7203,0.6338,4.6479,0.8451,0.3924,0.5734,0.9356,0.0702,True,True,Regular (900+ min),False,False,1.0,54.76865671641791,1.0,54.76865671641791,52,v1_position_percentile_900min
202526_derry_scherhant_sc_freiburg,2025-2026,Derry Scherhant,GER,MF,MF,SC Freiburg,22,2002,31,12,1301,14.4556,5,1,5,0,0,2,0,36,13,0.361,0.14,0.38,42,0.425,75.0,2,19,3,1.39,26,24,2,0.14,0.55,72,9,7,19,36,4,0,,,,,,,,,,,,,,Midfielder,미드필더,22-25,6,0.3459,0.0692,0.4151,0.3459,2.4904,0.8993,4.9808,0.6226,0.4842,1.3144,2.4904,0.1389,True,True,Regular (900+ min),False,False,1.0,56.208955223880594,0.7227777777777777,54.48769485903814,53,v1_position_percentile_900min
202526_jonas_hofmann_bayer_leverkusen,2025-2026,Jonas Hofmann,GER,MF,MF,Bayer Leverkusen,33,1992,23,11,1013,11.2556,2,2,2,0,0,3,0,23,7,0.304,0.09,0.29,44,0.331,72.0,3,12,8,1.65,21,10,11,0.98,0.54,37,10,2,4,9,2,0,,,,,,,,,,,,,,Midfielder,미드필더,30+,4,0.1777,0.1777,0.3554,0.1777,2.0434,0.6219,3.2873,0.8885,0.1777,0.3554,0.7996,0.087,True,True,Regular (900+ min),False,False,1.0,56.98507462686568,0.5627777777777778,53.93104477611941,54,v1_position_percentile_900min
202526_andras_schafer_1_fc_union_berlin,2025-2026,András Schäfer,HUN,MF,MF,1. FC Union Berlin,26,1999,28,16,1421,15.7889,2,1,2,0,0,2,1,27,10,0.37,0.07,0.2,51,0.464,74.0,6,12,1,1.07,21,22,-1,-0.06,0.65,18,22,20,32,22,0,0,,,,,,,,,,,,,,Midfielder,미드필더,26-29,3,0.1267,0.0633,0.19,0.1267,1.7101,0.6334,1.14,1.3934,1.2667,2.0267,1.3934,0.0741,True,True,Regular (900+ min),False,False,1.0,54.6865671641791,0.7894444444444444,53.699784411276944,55,v1_position_percentile_900min
202526_julian_brandt_borussia_dortmund,2025-2026,Julian Brandt,GER,"MF,FW",MF,Borussia Dortmund,29,1996,29,17,1606,17.8444,7,4,7,0,0,0,0,38,18,0.474,0.18,0.39,55,0.525,83.0,5,12,3,2.14,42,18,24,1.34,0.6,25,8,5,8,5,7,0,,,,,,,,,,,,,,Midfielder,미드필더,26-29,11,0.3923,0.2242,0.6164,0.3923,2.1295,1.0087,1.401,0.4483,0.2802,0.4483,0.2802,0.1842,True,True,Regular (900+ min),False,False,1.0,54.08955223880598,0.8922222222222222,53.64878938640133,56,v1_position_percentile_900min
202526_paul_nebel_mainz_05,2025-2026,Paul Nebel,GER,MF,MF,Mainz 05,22,2002,30,24,2073,23.0333,5,2,5,0,0,2,2,32,8,0.25,0.16,0.63,69,0.677,82.0,13,6,0,1.27,27,37,-10,-0.43,-0.53,129,30,12,29,20,3,0,,,,,,,,,,,,,,Midfielder,미드필더,22-25,7,0.2171,0.0868,0.3039,0.2171,1.3893,0.3473,5.6006,1.3025,0.521,1.259,0.8683,0.1562,True,True,Regular (900+ min),False,False,1.0,53.1865671641791,1.0,53.1865671641791,57,v1_position_percentile_900min
202526_lovro_majer_vfl_wolfsburg,2025-2026,Lovro Majer,CRO,MF,MF,VfL Wolfsburg,27,1998,28,16,1371,15.2333,2,3,2,0,0,5,0,27,6,0.222,0.07,0.33,49,0.448,70.0,1,12,4,0.75,20,30,-10,-0.66,0.09,28,18,8,30,22,4,0,,,,,,,,,,,,,,Midfielder,미드필더,26-29,5,0.1313,0.1969,0.3282,0.1313,1.7724,0.3939,1.8381,1.1816,0.5252,1.9694,1.4442,0.0741,True,True,Regular (900+ min),False,False,1.0,54.156716417910445,0.7616666666666667,53.166032338308455,58,v1_position_percentile_900min
202526_joakim_mhle_vfl_wolfsburg,2025-2026,Joakim Mæhle,DEN,"MF,DF",MF,VfL Wolfsburg,28,1997,16,14,1222,13.5778,1,2,1,0,0,1,0,14,3,0.214,0.07,0.33,76,0.399,87.0,11,2,0,0.88,15,24,-9,-0.66,0.07,21,22,20,8,6,0,0,,,,,,,,,,,,,,Midfielder,미드필더,26-29,3,0.0736,0.1473,0.2209,0.0736,1.0311,0.2209,1.5466,1.6203,1.473,0.5892,0.4419,0.0714,True,True,Regular (900+ min),False,False,1.0,54.18656716417911,0.6788888888888889,52.842213930348265,59,v1_position_percentile_900min
202526_giorgi_gocholeishvili_hamburger_sv,2025-2026,Giorgi Gocholeishvili,GEO,MF,MF,Hamburger SV,24,2001,24,9,940,10.4444,0,2,0,0,0,3,1,14,2,0.143,0.0,0.0,39,0.307,78.0,1,15,6,1.33,9,12,-3,-0.29,0.18,20,14,7,13,19,3,0,,,,,,,,,,,,,,Midfielder,미드필더,22-25,2,0.0,0.1915,0.1915,0.0,1.3404,0.1915,1.9149,1.3404,0.6702,1.2447,1.8191,0.0,True,True,Regular (900+ min),False,False,1.0,55.429104477611936,0.5222222222222223,52.835199004975124,60,v1_position_percentile_900min
202526_castrop_jens_borussia_monchengladbach,2025-2026,Castrop Jens,KOR,MF,MF,Borussia Mönchengladbach,22,2003,26,20,1584,17.6,3,1,3,0,0,2,2,30,12,0.4,0.1,0.25,61,0.518,74.0,4,6,1,1.0,21,31,-10,-0.57,-0.51,21,27,17,31,26,3,0,,,,,,,,,,,,,,Midfielder,미드필더,22-25,4,0.1705,0.0568,0.2273,0.1705,1.7045,0.6818,1.1932,1.5341,0.9659,1.7614,1.4773,0.1,True,True,Regular (900+ min),False,False,1.0,51.87313432835822,0.88,51.64835820895523,61,v1_position_percentile_900min
202526_fabian_rieder_fc_augsburg,2025-2026,Fabian Rieder,SUI,MF,MF,FC Augsburg,23,2002,32,28,2343,26.0333,6,3,4,2,2,4,0,38,13,0.342,0.11,0.31,73,0.766,82.0,16,4,0,1.25,36,53,-17,-0.65,-0.78,116,20,13,45,38,2,0,,,,,,,,,,,,,,Midfielder,미드필더,22-25,9,0.2305,0.1152,0.3457,0.1536,1.4597,0.4994,4.4558,0.7682,0.4994,1.7286,1.4597,0.1579,True,True,Regular (900+ min),False,False,1.0,51.365671641791046,1.0,51.365671641791046,62,v1_position_percentile_900min
202526_william_mikelbrencis_hamburger_sv,2025-2026,William Mikelbrencis,FRA,"MF,DF",MF,Hamburger SV,21,2004,26,15,1372,15.2444,0,4,0,0,0,3,0,12,6,0.5,0.0,0.0,53,0.448,81.0,5,11,6,1.04,17,34,-17,-1.12,-1.28,54,22,6,18,5,5,0,,,,,,,,,,,,,,Midfielder,미드필더,U21,4,0.0,0.2624,0.2624,0.0,0.7872,0.3936,3.5423,1.4431,0.3936,1.1808,0.328,0.0,True,True,Regular (900+ min),False,False,1.0,51.7089552238806,0.7622222222222222,51.302603648424544,63,v1_position_percentile_900min
202526_felix_nmecha_borussia_dortmund,2025-2026,Felix Nmecha,GER,MF,MF,Borussia Dortmund,24,2000,29,25,2176,24.1778,2,3,2,0,1,0,0,33,7,0.212,0.06,0.29,75,0.711,83.0,8,4,0,2.31,51,28,23,0.95,-0.37,7,23,25,28,22,2,0,,,,,,,,,,,,,,Midfielder,미드필더,22-25,5,0.0827,0.1241,0.2068,0.0827,1.3649,0.2895,0.2895,0.9513,1.034,1.1581,0.9099,0.0606,True,True,Regular (900+ min),False,False,1.0,51.23880597014925,1.0,51.23880597014925,64,v1_position_percentile_900min
202526_jakub_kaminski_1_fc_koln,2025-2026,Jakub Kamiński,POL,"MF,FW",MF,1. FC Köln,23,2002,34,34,3016,33.5111,7,3,7,0,0,4,0,62,25,0.403,0.11,0.28,89,0.986,89.0,28,0,0,0.94,49,60,-11,-0.33,5.81,115,27,25,14,28,7,0,,,,,,,,,,,,,,Midfielder,미드필더,22-25,10,0.2089,0.0895,0.2984,0.2089,1.8501,0.746,3.4317,0.8057,0.746,0.4178,0.8355,0.1129,True,True,Regular (900+ min),False,False,1.0,51.01492537313433,1.0,51.01492537313433,65,v1_position_percentile_900min
202526_bakery_jatta_hamburger_sv,2025-2026,Bakery Jatta,GAM,MF,MF,Hamburger SV,27,1998,15,12,911,10.1222,1,1,1,0,0,1,0,11,4,0.364,0.09,0.25,61,0.298,71.0,2,3,1,1.33,16,12,4,0.4,1.15,19,11,8,13,5,2,0,,,,,,,,,,,,,,Midfielder,미드필더,26-29,2,0.0988,0.0988,0.1976,0.0988,1.0867,0.3952,1.8771,1.0867,0.7903,1.2843,0.494,0.0909,True,True,Regular (900+ min),False,False,1.0,51.64179104477613,0.5061111111111111,50.83092868988392,66,v1_position_percentile_900min
202526_kevin_stoger_borussia_monchengladbach,2025-2026,Kevin Stöger,AUT,MF,MF,Borussia Mönchengladbach,31,1993,29,15,1324,14.7111,1,1,1,0,1,3,0,23,7,0.304,0.04,0.14,46,0.433,73.0,2,14,5,1.0,13,25,-12,-0.82,-0.87,61,20,13,23,29,0,0,,,,,,,,,,,,,,Midfielder,미드필더,30+,2,0.068,0.068,0.136,0.068,1.5634,0.4758,4.1465,1.3595,0.8837,1.5634,1.9713,0.0435,True,True,Regular (900+ min),False,False,1.0,51.0223880597015,0.7355555555555555,50.7520232172471,67,v1_position_percentile_900min
202526_marcel_sabitzer_borussia_dortmund,2025-2026,Marcel Sabitzer,AUT,MF,MF,Borussia Dortmund,31,1994,26,21,1817,20.1889,1,2,1,0,0,3,0,20,4,0.2,0.05,0.25,70,0.594,83.0,11,5,3,2.04,39,22,17,0.84,-0.53,37,19,20,20,17,3,0,,,,,,,,,,,,,,Midfielder,미드필더,30+,3,0.0495,0.0991,0.1486,0.0495,0.9906,0.1981,1.8327,0.9411,0.9906,0.9906,0.842,0.05,True,True,Regular (900+ min),False,False,1.0,50.410447761194035,1.0,50.410447761194035,68,v1_position_percentile_900min
202526_ezequiel_fernandez_bayer_leverkusen,2025-2026,Ezequiél Fernández,ARG,MF,MF,Bayer Leverkusen,23,2002,20,12,984,10.9333,0,1,0,0,0,4,1,11,1,0.091,0.0,0.0,49,0.322,67.0,2,8,5,2.05,21,20,1,0.09,-0.78,4,17,14,14,24,1,0,,,,,,,,,,,,,,Midfielder,미드필더,22-25,1,0.0,0.0915,0.0915,0.0,1.0061,0.0915,0.3659,1.5549,1.2805,1.2805,2.1951,0.0,True,True,Regular (900+ min),False,False,1.0,50.20149253731343,0.5466666666666666,50.11014925373134,69,v1_position_percentile_900min
202526_daniel_svensson_borussia_dortmund,2025-2026,Daniel Svensson,SWE,MF,MF,Borussia Dortmund,23,2002,33,27,2454,27.2667,2,2,2,0,0,0,0,12,4,0.333,0.17,0.5,74,0.802,86.0,22,6,1,2.12,54,28,26,0.95,-0.53,129,26,20,28,22,2,0,,,,,,,,,,,,,,Midfielder,미드필더,22-25,4,0.0733,0.0733,0.1467,0.0733,0.4401,0.1467,4.7311,0.9535,0.7335,1.0269,0.8068,0.1667,True,True,Regular (900+ min),False,False,1.0,50.022388059701484,1.0,50.022388059701484,70,v1_position_percentile_900min
202526_marius_wolf_fc_augsburg,2025-2026,Marius Wolf,GER,MF,MF,FC Augsburg,30,1995,29,12,1019,11.3222,1,1,1,0,0,4,0,14,5,0.357,0.07,0.2,35,0.333,64.0,1,17,4,1.17,17,19,-2,-0.18,0.44,43,10,13,10,2,11,0,,,,,,,,,,,,,,Midfielder,미드필더,30+,2,0.0883,0.0883,0.1766,0.0883,1.2365,0.4416,3.7978,0.8832,1.1482,0.8832,0.1766,0.0714,True,True,Regular (900+ min),False,False,1.0,49.712686567164184,0.5661111111111111,49.83734867330017,71,v1_position_percentile_900min
202526_samuel_mbangula_werder_bremen,2025-2026,Samuel Mbangula,BEL,"MF,FW",MF,Werder Bremen,21,2004,26,12,1171,13.0111,3,2,3,0,0,0,0,17,8,0.471,0.18,0.38,45,0.383,72.0,1,14,3,0.85,15,22,-7,-0.54,0.22,23,10,3,4,23,4,0,,,,,,,,,,,,,,Midfielder,미드필더,U21,5,0.2306,0.1537,0.3843,0.2306,1.3066,0.6149,1.7677,0.7686,0.2306,0.3074,1.7677,0.1765,True,True,Regular (900+ min),False,False,1.0,49.53731343283582,0.6505555555555556,49.698996683250414,72,v1_position_percentile_900min
202526_franck_honorat_borussia_monchengladbach,2025-2026,Franck Honorat,FRA,"MF,FW",MF,Borussia Mönchengladbach,28,1996,28,24,1977,21.9667,2,6,2,0,0,0,0,17,5,0.294,0.12,0.4,71,0.646,78.0,8,4,0,1.18,24,32,-8,-0.36,-0.11,134,13,5,12,6,10,0,,,,,,,,,,,,,,Midfielder,미드필더,26-29,8,0.091,0.2731,0.3642,0.091,0.7739,0.2276,6.1002,0.5918,0.2276,0.5463,0.2731,0.1176,True,True,Regular (900+ min),False,False,1.0,49.664179104477604,1.0,49.664179104477604,73,v1_position_percentile_900min
202526_luca_netz_borussia_monchengladbach,2025-2026,Luca Netz,GER,"MF,DF",MF,Borussia Mönchengladbach,22,2003,15,10,940,10.4444,0,2,0,0,0,1,0,2,0,0.0,0.0,,63,0.307,86.0,7,5,5,0.93,14,10,4,0.38,1.02,26,10,7,8,2,0,0,,,,,,,,,,,,,,Midfielder,미드필더,22-25,2,0.0,0.1915,0.1915,0.0,0.1915,0.0,2.4894,0.9574,0.6702,0.766,0.1915,0.0,True,True,Regular (900+ min),False,False,0.9846,48.59701492537314,0.5222222222222223,49.26733001658375,74,v1_position_percentile_900min
202526_tom_krau_1_fc_koln,2025-2026,Tom Krauß,GER,"MF,DF",MF,1. FC Köln,24,2001,26,19,1780,19.7778,0,2,0,0,0,4,0,9,2,0.222,0.0,0.0,68,0.582,83.0,8,7,6,1.08,24,32,-8,-0.4,0.02,14,43,26,23,22,0,0,,,,,,,,,,,,,,Midfielder,미드필더,22-25,2,0.0,0.1011,0.1011,0.0,0.4551,0.1011,0.7079,2.1742,1.3146,1.1629,1.1124,0.0,True,True,Regular (900+ min),False,False,1.0,48.97014925373135,0.9888888888888889,48.981592039801,75,v1_position_percentile_900min
202526_danel_sinani_fc_st_pauli,2025-2026,Danel Sinani,LUX,"MF,FW",MF,FC St. Pauli,28,1997,30,23,2069,22.9889,5,3,2,3,3,4,0,49,18,0.367,0.04,0.11,69,0.676,83.0,15,7,2,0.77,18,43,-25,-1.09,-0.54,135,16,5,39,27,10,0,,,,,,,,,,,,,,Midfielder,미드필더,26-29,8,0.2175,0.1305,0.348,0.087,2.1315,0.783,5.8724,0.696,0.2175,1.6965,1.1745,0.102,True,True,Regular (900+ min),False,False,1.0,48.738805970149265,1.0,48.738805970149265,76,v1_position_percentile_900min
202526_ansgar_knauff_eintracht_frankfurt,2025-2026,Ansgar Knauff,GER,"MF,FW",MF,Eintracht Frankfurt,23,2002,28,12,1326,14.7333,4,1,4,0,0,3,0,34,14,0.412,0.12,0.29,47,0.433,75.0,1,16,0,1.29,29,26,3,0.2,0.57,39,10,9,26,12,7,0,,,,,,,,,,,,,,Midfielder,미드필더,22-25,5,0.2715,0.0679,0.3394,0.2715,2.3077,0.9502,2.6471,0.6787,0.6109,1.7647,0.8145,0.1176,True,True,Regular (900+ min),False,False,1.0,48.06716417910448,0.7366666666666667,48.57614427860697,77,v1_position_percentile_900min
202526_tom_rothe_1_fc_union_berlin,2025-2026,Tom Rothe,GER,"MF,DF",MF,1. FC Union Berlin,20,2004,21,10,1029,11.4333,2,0,2,0,0,1,1,19,5,0.263,0.11,0.4,49,0.336,81.0,5,11,1,1.1,17,22,-5,-0.44,-0.04,35,15,21,10,6,2,0,,,,,,,,,,,,,,Midfielder,미드필더,U21,2,0.1749,0.0,0.1749,0.1749,1.6618,0.4373,3.0612,1.312,1.8367,0.8746,0.5248,0.1053,True,True,Regular (900+ min),False,False,1.0,47.179104477611936,0.5716666666666667,48.38738805970149,78,v1_position_percentile_900min
202526_christopher_trimmel_1_fc_union_berlin,2025-2026,Christopher Trimmel,AUT,"MF,DF",MF,1. FC Union Berlin,38,1987,29,22,1861,20.6778,0,3,0,0,0,8,0,5,1,0.2,0.0,0.0,64,0.608,75.0,6,7,4,1.24,29,31,-2,-0.1,0.8,177,24,10,27,9,0,0,,,,,,,,,,,,,,Midfielder,미드필더,30+,3,0.0,0.1451,0.1451,0.0,0.2418,0.0484,8.5599,1.1607,0.4836,1.3057,0.4352,0.0,True,True,Regular (900+ min),False,False,1.0,48.13432835820895,1.0,48.13432835820895,79,v1_position_percentile_900min
202526_jens_stage_werder_bremen,2025-2026,Jens Stage,DEN,MF,MF,Werder Bremen,28,1996,29,29,2460,27.3333,10,2,10,0,0,5,0,56,21,0.375,0.18,0.48,85,0.804,85.0,21,0,0,0.97,26,45,-19,-0.7,-0.1,14,32,18,35,30,3,0,,,,,,,,,,,,,,Midfielder,미드필더,26-29,12,0.3659,0.0732,0.439,0.3659,2.0488,0.7683,0.5122,1.1707,0.6585,1.2805,1.0976,0.1786,True,True,Regular (900+ min),False,False,1.0,47.88059701492537,1.0,47.88059701492537,80,v1_position_percentile_900min
202526_aleksandar_pavlovic_bayern_munchen,2025-2026,Aleksandar Pavlovic,GER,MF,MF,Bayern München,21,2004,24,16,1462,16.2444,3,1,3,0,0,2,0,10,5,0.5,0.3,0.6,61,0.478,79.0,8,8,8,2.46,56,26,30,1.85,-1.31,15,15,13,19,10,0,0,,,,,,,,,,,,,,Midfielder,미드필더,U21,4,0.1847,0.0616,0.2462,0.1847,0.6156,0.3078,0.9234,0.9234,0.8003,1.1696,0.6156,0.3,True,True,Regular (900+ min),False,False,1.0,46.88059701492537,0.8122222222222222,47.46635157545605,81,v1_position_percentile_900min
202526_mathias_pereira_lage_fc_st_pauli,2025-2026,Mathias Pereira Lage,POR,"MF,FW",MF,FC St. Pauli,28,1996,28,25,2018,22.4222,2,2,2,0,0,3,0,43,15,0.349,0.05,0.13,72,0.659,77.0,6,3,0,0.82,21,37,-16,-0.71,0.58,58,23,16,32,32,15,0,,,,,,,,,,,,,,Midfielder,미드필더,26-29,4,0.0892,0.0892,0.1784,0.0892,1.9177,0.669,2.5867,1.0258,0.7136,1.4272,1.4272,0.0465,True,True,Regular (900+ min),False,False,1.0,47.26865671641791,1.0,47.26865671641791,82,v1_position_percentile_900min
202526_jeong_woo_yeong_1_fc_union_berlin,2025-2026,Jeong Woo-yeong,KOR,"MF,FW",MF,1. FC Union Berlin,25,1999,28,13,1197,13.3,4,1,4,0,0,0,0,22,8,0.364,0.18,0.5,43,0.391,69.0,2,15,2,1.21,16,22,-6,-0.45,-0.06,31,7,8,13,20,4,0,,,,,,,,,,,,,,Midfielder,미드필더,22-25,5,0.3008,0.0752,0.3759,0.3008,1.6541,0.6015,2.3308,0.5263,0.6015,0.9774,1.5038,0.1818,True,True,Regular (900+ min),False,False,1.0,45.67910447761194,0.665,47.12660447761194,83,v1_position_percentile_900min
202526_florian_neuhaus_borussia_monchengladbach,2025-2026,Florian Neuhaus,GER,"MF,FW",MF,Borussia Mönchengladbach,28,1997,17,11,930,10.3333,0,1,0,0,0,0,0,22,6,0.273,0.0,0.0,55,0.304,71.0,0,6,13,1.29,19,9,10,0.97,1.86,9,7,9,9,9,0,0,,,,,,,,,,,,,,Midfielder,미드필더,26-29,1,0.0,0.0968,0.0968,0.0,2.129,0.5806,0.871,0.6774,0.871,0.871,0.871,0.0,True,True,Regular (900+ min),False,False,1.0,43.83582089552239,0.5166666666666667,46.81517412935323,84,v1_position_percentile_900min
202526_eren_dinkci_1_fc_heidenheim,2025-2026,Eren Dinkçi,GER,"MF,FW",MF,1. FC Heidenheim,23,2001,14,13,1131,12.5667,3,1,3,0,0,3,0,25,9,0.36,0.12,0.33,81,0.37,85.0,7,1,0,0.93,22,24,-2,-0.16,1.19,22,13,5,9,4,0,0,,,,,,,,,,,,,,Midfielder,미드필더,22-25,4,0.2387,0.0796,0.3183,0.2387,1.9894,0.7162,1.7507,1.0345,0.3979,0.7162,0.3183,0.12,True,True,Regular (900+ min),False,True,1.0,44.44776119402986,0.6283333333333333,46.51134328358209,85,v1_position_percentile_900min
202526_mathias_honsak_1_fc_heidenheim,2025-2026,Mathias Honsak,AUT,"MF,FW",MF,1. FC Heidenheim,28,1996,27,15,1249,13.8778,2,1,2,0,0,1,0,31,8,0.258,0.06,0.25,46,0.408,67.0,1,12,2,0.63,11,30,-19,-1.37,-0.77,25,12,17,11,15,9,0,,,,,,,,,,,,,,Midfielder,미드필더,26-29,3,0.1441,0.0721,0.2162,0.1441,2.2338,0.5765,1.8014,0.8647,1.225,0.7926,1.0809,0.0645,True,True,Regular (900+ min),False,False,1.0,44.910447761194035,0.6938888888888889,46.46841625207297,86,v1_position_percentile_900min
202526_carney_chukwuemeka_borussia_dortmund,2025-2026,Carney Chukwuemeka,AUT,"MF,FW",MF,Borussia Dortmund,21,2003,28,8,919,10.2111,2,0,2,0,0,2,0,18,2,0.111,0.11,1.0,33,0.3,73.0,1,20,3,2.32,21,7,14,1.37,0.45,1,15,6,11,15,0,0,,,,,,,,,,,,,,Midfielder,미드필더,U21,2,0.1959,0.0,0.1959,0.1959,1.7628,0.1959,0.0979,1.469,0.5876,1.0773,1.469,0.1111,True,True,Regular (900+ min),False,False,1.0,41.35820895522389,0.5105555555555555,45.58788557213931,87,v1_position_percentile_900min
202526_chema_vfb_stuttgart,2025-2026,Chema,ESP,MF,MF,VfB Stuttgart,20,2005,25,14,1310,14.5556,3,0,3,0,0,5,0,15,6,0.4,0.2,0.5,52,0.428,85.0,8,11,9,1.88,32,24,8,0.55,-0.17,0,16,31,20,8,1,0,,,,,,,,,,,,,,Midfielder,미드필더,U21,3,0.2061,0.0,0.2061,0.2061,1.0305,0.4122,0.0,1.0992,2.1298,1.374,0.5496,0.2,True,True,Regular (900+ min),False,False,1.0,43.61940298507462,0.7277777777777777,45.356343283582085,88,v1_position_percentile_900min
202526_lee_jae_sung_mainz_05,2025-2026,Lee Jae-sung,KOR,"MF,FW",MF,Mainz 05,32,1992,28,26,2185,24.2778,4,2,4,0,0,4,0,30,9,0.3,0.13,0.44,78,0.714,82.0,8,2,0,1.18,26,39,-13,-0.54,-0.95,31,21,25,19,22,9,0,,,,,,,,,,,,,,Midfielder,미드필더,30+,6,0.1648,0.0824,0.2471,0.1648,1.2357,0.3707,1.2769,0.865,1.0297,0.7826,0.9062,0.1333,True,True,Regular (900+ min),False,False,1.0,45.30597014925373,1.0,45.30597014925373,89,v1_position_percentile_900min
202526_jobe_bellingham_borussia_dortmund,2025-2026,Jobe Bellingham,ENG,MF,MF,Borussia Dortmund,19,2005,32,20,1786,19.8444,0,1,0,0,0,2,1,19,6,0.316,0.0,0.0,56,0.584,80.0,11,12,0,2.16,44,20,24,1.21,0.36,5,23,41,15,20,0,0,,,,,,,,,,,,,,Midfielder,미드필더,U21,1,0.0,0.0504,0.0504,0.0,0.9574,0.3024,0.252,1.159,2.0661,0.7559,1.0078,0.0,True,True,Regular (900+ min),False,False,1.0,45.26865671641791,0.9922222222222222,45.30545605306799,90,v1_position_percentile_900min
202526_silvan_widmer_mainz_05,2025-2026,Silvan Widmer,SUI,MF,MF,Mainz 05,32,1993,27,22,1810,20.1111,2,1,2,0,0,5,0,20,4,0.2,0.1,0.5,67,0.592,78.0,6,5,5,1.37,29,26,3,0.15,1.01,37,27,18,15,11,4,0,,,,,,,,,,,,,,Midfielder,미드필더,30+,3,0.0994,0.0497,0.1492,0.0994,0.9945,0.1989,1.8398,1.3425,0.895,0.7459,0.547,0.1,True,True,Regular (900+ min),False,False,1.0,45.208955223880594,1.0,45.208955223880594,91,v1_position_percentile_900min
202526_yuito_suzuki_sc_freiburg,2025-2026,Yuito Suzuki,JPN,MF,MF,SC Freiburg,23,2001,25,18,1632,18.1333,4,2,4,0,0,3,0,38,14,0.368,0.11,0.29,65,0.533,79.0,6,7,4,1.28,31,31,0,0.0,0.38,21,12,10,20,10,2,0,,,,,,,,,,,,,,Midfielder,미드필더,22-25,6,0.2206,0.1103,0.3309,0.2206,2.0956,0.7721,1.1581,0.6618,0.5515,1.1029,0.5515,0.1053,True,True,Regular (900+ min),False,False,1.0,44.69402985074627,0.9066666666666666,45.189253731343285,92,v1_position_percentile_900min
202526_robin_fellhauer_fc_augsburg,2025-2026,Robin Fellhauer,GER,MF,MF,FC Augsburg,27,1998,34,31,2799,31.1,3,2,3,0,0,2,0,30,9,0.3,0.1,0.33,82,0.915,85.0,19,3,0,1.26,38,56,-18,-0.58,-1.27,92,43,22,25,33,6,0,,,,,,,,,,,,,,Midfielder,미드필더,26-29,5,0.0965,0.0643,0.1608,0.0965,0.9646,0.2894,2.9582,1.3826,0.7074,0.8039,1.0611,0.1,True,True,Regular (900+ min),False,False,1.0,44.985074626865675,1.0,44.985074626865675,93,v1_position_percentile_900min
202526_nicolas_seiwald_rb_leipzig,2025-2026,Nicolas Seiwald,AUT,MF,MF,RB Leipzig,24,2001,33,31,2694,29.9333,0,2,0,0,0,2,0,20,7,0.35,0.0,0.0,82,0.88,85.0,19,2,0,1.88,57,37,20,0.67,0.91,6,47,60,18,6,0,0,,,,,,,,,,,,,,Midfielder,미드필더,22-25,2,0.0,0.0668,0.0668,0.0,0.6682,0.2339,0.2004,1.5702,2.0045,0.6013,0.2004,0.0,True,True,Regular (900+ min),False,False,1.0,44.537313432835816,1.0,44.537313432835816,94,v1_position_percentile_900min
202526_jan_thielmann_1_fc_koln,2025-2026,Jan Thielmann,GER,"MF,FW",MF,1. FC Köln,23,2002,26,20,1540,17.1111,3,1,3,0,0,4,0,27,10,0.37,0.11,0.3,59,0.503,72.0,4,6,1,1.04,22,31,-9,-0.53,-0.23,36,12,13,11,23,4,0,,,,,,,,,,,,,,Midfielder,미드필더,22-25,4,0.1753,0.0584,0.2338,0.1753,1.5779,0.5844,2.1039,0.7013,0.7597,0.6429,1.3442,0.1111,True,True,Regular (900+ min),False,False,1.0,42.94776119402985,0.8555555555555555,43.96641791044776,95,v1_position_percentile_900min
202526_eric_martel_1_fc_koln,2025-2026,Eric Martel,GER,"MF,DF",MF,1. FC Köln,23,2002,31,30,2559,28.4333,2,2,2,0,0,12,1,23,4,0.174,0.09,0.5,83,0.836,85.0,22,1,0,1.0,41,50,-9,-0.32,0.58,11,32,35,42,51,0,0,,,,,,,,,,,,,,Midfielder,미드필더,22-25,4,0.0703,0.0703,0.1407,0.0703,0.8089,0.1407,0.3869,1.1254,1.2309,1.4771,1.7937,0.087,True,True,Regular (900+ min),False,False,1.0,43.38059701492538,1.0,43.38059701492538,96,v1_position_percentile_900min
202526_derrick_kohn_1_fc_union_berlin,2025-2026,Derrick Köhn,GHA,"MF,DF",MF,1. FC Union Berlin,26,1999,29,21,1899,21.1,1,2,0,1,1,5,1,28,5,0.179,0.0,0.0,65,0.621,82.0,10,8,2,1.17,25,32,-7,-0.33,0.21,114,22,8,33,16,6,0,,,,,,,,,,,,,,Midfielder,미드필더,26-29,3,0.0474,0.0948,0.1422,0.0,1.327,0.237,5.4028,1.0427,0.3791,1.564,0.7583,0.0357,True,True,Regular (900+ min),False,False,1.0,43.35074626865672,1.0,43.35074626865672,97,v1_position_percentile_900min
202526_kristijan_jakic_fc_augsburg,2025-2026,Kristijan Jakić,CRO,"MF,DF",MF,FC Augsburg,28,1997,26,18,1653,18.3667,2,1,2,0,0,5,0,18,6,0.333,0.11,0.33,64,0.54,77.0,10,8,2,1.15,24,27,-3,-0.16,0.67,4,25,17,17,17,2,0,,,,,,,,,,,,,,Midfielder,미드필더,26-29,3,0.1089,0.0544,0.1633,0.1089,0.98,0.3267,0.2178,1.3612,0.9256,0.9256,0.9256,0.1111,True,True,Regular (900+ min),False,False,1.0,42.05223880597015,0.9183333333333333,42.70130597014925,98,v1_position_percentile_900min
202526_exequiel_palacios_bayer_leverkusen,2025-2026,Exequiel Palacios,ARG,MF,MF,Bayer Leverkusen,26,1998,18,12,1099,12.2111,0,1,0,0,0,3,0,10,2,0.2,0.0,0.0,61,0.359,81.0,8,6,1,1.89,27,17,10,0.82,0.31,2,9,10,6,18,0,0,,,,,,,,,,,,,,Midfielder,미드필더,26-29,1,0.0,0.0819,0.0819,0.0,0.8189,0.1638,0.1638,0.737,0.8189,0.4914,1.4741,0.0,True,True,Regular (900+ min),False,False,1.0,36.93283582089553,0.6105555555555555,42.02177031509122,99,v1_position_percentile_900min
202526_joel_fujita_fc_st_pauli,2025-2026,Joel Fujita,JPN,MF,MF,FC St. Pauli,23,2002,32,31,2665,29.6111,1,3,1,0,0,6,0,32,7,0.219,0.03,0.14,83,0.871,85.0,23,1,0,0.69,25,53,-28,-0.95,-0.26,28,36,34,37,19,3,0,,,,,,,,,,,,,,Midfielder,미드필더,22-25,4,0.0338,0.1013,0.1351,0.0338,1.0807,0.2364,0.9456,1.2158,1.1482,1.2495,0.6417,0.0312,True,True,Regular (900+ min),False,False,1.0,41.667910447761194,1.0,41.667910447761194,100,v1_position_percentile_900min
202526_phillipp_mwene_mainz_05,2025-2026,Phillipp Mwene,AUT,MF,MF,Mainz 05,31,1994,29,24,2069,22.9889,1,2,1,0,0,4,0,10,2,0.2,0.1,0.5,71,0.676,82.0,14,5,0,1.17,31,36,-5,-0.22,0.15,75,20,14,22,32,3,0,,,,,,,,,,,,,,Midfielder,미드필더,30+,3,0.0435,0.087,0.1305,0.0435,0.435,0.087,3.2624,0.87,0.609,0.957,1.392,0.1,True,True,Regular (900+ min),False,False,1.0,41.059701492537314,1.0,41.059701492537314,101,v1_position_percentile_900min
202526_lars_ritzka_fc_st_pauli,2025-2026,Lars Ritzka,GER,"MF,DF",MF,FC St. Pauli,27,1998,21,12,966,10.7333,0,0,0,0,0,1,0,4,1,0.25,0.0,0.0,46,0.316,66.0,0,9,13,0.71,6,21,-15,-1.4,-0.71,18,26,13,10,3,2,0,,,,,,,,,,,,,,Midfielder,미드필더,26-29,0,0.0,0.0,0.0,0.0,0.3727,0.0932,1.677,2.4224,1.2112,0.9317,0.2795,0.0,True,True,Regular (900+ min),False,False,1.0,32.78358208955224,0.5366666666666666,40.760522388059705,102,v1_position_percentile_900min
202526_hugo_larsson_eintracht_frankfurt,2025-2026,Hugo Larsson,SWE,MF,MF,Eintracht Frankfurt,21,2004,25,21,1812,20.1333,2,2,2,0,0,0,0,13,6,0.462,0.15,0.33,72,0.592,81.0,10,4,3,1.28,33,32,1,0.05,0.41,9,9,27,7,2,0,0,,,,,,,,,,,,,,Midfielder,미드필더,U21,4,0.0993,0.0993,0.1987,0.0993,0.6457,0.298,0.447,0.447,1.3411,0.3477,0.0993,0.1538,True,True,Regular (900+ min),False,False,1.0,40.44776119402986,1.0,40.44776119402986,103,v1_position_percentile_900min
202526_jan_schoppner_1_fc_heidenheim,2025-2026,Jan Schöppner,GER,MF,MF,1. FC Heidenheim,26,1999,31,29,2252,25.0222,3,3,3,0,0,5,0,25,7,0.28,0.12,0.43,73,0.736,76.0,15,2,2,0.81,26,51,-25,-1.0,-0.33,14,17,32,21,17,3,0,,,,,,,,,,,,,,Midfielder,미드필더,26-29,6,0.1199,0.1199,0.2398,0.1199,0.9991,0.2798,0.5595,0.6794,1.2789,0.8393,0.6794,0.12,True,True,Regular (900+ min),False,False,1.0,40.059701492537314,1.0,40.059701492537314,104,v1_position_percentile_900min
202526_yannik_engelhardt_borussia_monchengladbach,2025-2026,Yannik Engelhardt,GER,MF,MF,Borussia Mönchengladbach,24,2001,31,29,2487,27.6333,2,2,2,0,0,7,0,21,5,0.238,0.1,0.4,80,0.813,85.0,22,2,0,1.19,38,39,-1,-0.04,1.53,6,23,36,41,34,0,0,,,,,,,,,,,,,,Midfielder,미드필더,22-25,4,0.0724,0.0724,0.1448,0.0724,0.76,0.1809,0.2171,0.8323,1.3028,1.4837,1.2304,0.0952,True,True,Regular (900+ min),False,False,1.0,39.962686567164184,1.0,39.962686567164184,105,v1_position_percentile_900min
202526_oscar_hjlund_eintracht_frankfurt,2025-2026,Oscar Højlund,DEN,MF,MF,Eintracht Frankfurt,20,2005,24,12,1089,12.1,1,1,1,0,0,4,1,7,3,0.429,0.14,0.33,45,0.356,71.0,0,12,4,1.21,15,23,-8,-0.66,-0.84,2,17,7,27,5,1,0,,,,,,,,,,,,,,Midfielder,미드필더,U21,2,0.0826,0.0826,0.1653,0.0826,0.5785,0.2479,0.1653,1.405,0.5785,2.2314,0.4132,0.1429,True,True,Regular (900+ min),False,False,1.0,33.34328358208955,0.605,39.92268656716418,106,v1_position_percentile_900min
202526_marco_grull_werder_bremen,2025-2026,Marco Grüll,AUT,"MF,FW",MF,Werder Bremen,27,1998,33,23,2006,22.2889,3,1,3,0,0,5,0,43,13,0.302,0.07,0.23,61,0.656,77.0,6,10,0,0.94,21,38,-17,-0.76,-0.25,69,20,14,33,28,2,0,,,,,,,,,,,,,,Midfielder,미드필더,26-29,4,0.1346,0.0449,0.1795,0.1346,1.9292,0.5833,3.0957,0.8973,0.6281,1.4806,1.2562,0.0698,True,True,Regular (900+ min),False,False,1.0,39.63432835820896,1.0,39.63432835820896,107,v1_position_percentile_900min
202526_rani_khedira_1_fc_union_berlin,2025-2026,Rani Khedira,TUN,MF,MF,1. FC Union Berlin,31,1994,32,32,2830,31.4444,5,1,5,0,0,7,0,23,10,0.435,0.22,0.5,88,0.925,88.0,27,0,0,1.13,36,53,-17,-0.54,-1.71,26,35,37,52,18,2,0,,,,,,,,,,,,,,Midfielder,미드필더,30+,6,0.159,0.0318,0.1908,0.159,0.7314,0.318,0.8269,1.1131,1.1767,1.6537,0.5724,0.2174,True,True,Regular (900+ min),False,False,1.0,39.42537313432836,1.0,39.42537313432836,108,v1_position_percentile_900min
202526_albert_sambi_lokonga_hamburger_sv,2025-2026,Albert Sambi Lokonga,BEL,MF,MF,Hamburger SV,25,1999,26,20,1710,19.0,5,0,5,0,0,3,0,19,11,0.579,0.26,0.45,66,0.559,81.0,9,6,1,1.23,29,29,0,0.0,0.93,13,13,13,20,27,0,0,,,,,,,,,,,,,,Midfielder,미드필더,22-25,5,0.2632,0.0,0.2632,0.2632,1.0,0.5789,0.6842,0.6842,0.6842,1.0526,1.4211,0.2632,True,True,Regular (900+ min),False,False,1.0,38.11940298507462,0.95,38.71343283582089,109,v1_position_percentile_900min
202526_kaishu_sano_mainz_05,2025-2026,Kaishu Sano,JPN,MF,MF,Mainz 05,24,2000,34,34,3059,33.9889,1,2,1,0,0,1,0,24,6,0.25,0.04,0.17,90,1.0,90.0,33,0,0,1.18,44,53,-9,-0.26,-0.26,18,31,67,14,29,4,0,,,,,,,,,,,,,,Midfielder,미드필더,22-25,3,0.0294,0.0588,0.0883,0.0294,0.7061,0.1765,0.5296,0.9121,1.9712,0.4119,0.8532,0.0417,True,True,Regular (900+ min),False,False,1.0,38.43283582089552,1.0,38.43283582089552,110,v1_position_percentile_900min
202526_xaver_schlager_rb_leipzig,2025-2026,Xaver Schlager,AUT,MF,MF,RB Leipzig,27,1997,26,21,1837,20.4111,3,1,3,0,0,6,0,21,7,0.333,0.14,0.43,71,0.6,83.0,16,5,1,1.88,40,29,11,0.54,-0.05,11,25,7,25,16,2,0,,,,,,,,,,,,,,Midfielder,미드필더,26-29,4,0.147,0.049,0.196,0.147,1.0289,0.343,0.5389,1.2248,0.343,1.2248,0.7839,0.1429,True,True,Regular (900+ min),False,False,1.0,38.276119402985074,1.0,38.276119402985074,111,v1_position_percentile_900min
202526_aljoscha_kemlein_1_fc_union_berlin,2025-2026,Aljoscha Kemlein,GER,MF,MF,1. FC Union Berlin,20,2004,30,23,1959,21.7667,0,2,0,0,0,4,0,17,2,0.118,0.0,0.0,65,0.64,79.0,8,7,4,1.13,28,31,-3,-0.14,0.76,9,25,18,22,11,0,0,,,,,,,,,,,,,,Midfielder,미드필더,U21,2,0.0,0.0919,0.0919,0.0,0.781,0.0919,0.4135,1.1485,0.827,1.0107,0.5054,0.0,True,True,Regular (900+ min),False,False,1.0,37.574626865671654,1.0,37.574626865671654,112,v1_position_percentile_900min
202526_elvis_rexhbecaj_fc_augsburg,2025-2026,Elvis Rexhbeçaj,KVX,MF,MF,FC Augsburg,27,1997,26,10,1118,12.4222,2,0,2,0,0,4,0,11,5,0.455,0.18,0.4,43,0.365,71.0,3,16,2,1.31,20,21,-1,-0.08,0.61,16,8,4,13,16,1,0,,,,,,,,,,,,,,Midfielder,미드필더,26-29,2,0.161,0.0,0.161,0.161,0.8855,0.4025,1.288,0.644,0.322,1.0465,1.288,0.1818,True,True,Regular (900+ min),False,False,1.0,29.61194029850746,0.6211111111111111,37.3367495854063,113,v1_position_percentile_900min
202526_jackson_irvine_fc_st_pauli,2025-2026,Jackson Irvine,AUS,MF,MF,FC St. Pauli,32,1993,24,18,1624,18.0444,0,1,0,0,0,2,1,19,4,0.211,0.0,0.0,68,0.531,85.0,11,6,2,0.79,16,24,-8,-0.44,1.0,13,17,28,20,12,2,0,,,,,,,,,,,,,,Midfielder,미드필더,30+,1,0.0,0.0554,0.0554,0.0,1.053,0.2217,0.7204,0.9421,1.5517,1.1084,0.665,0.0,True,True,Regular (900+ min),False,False,1.0,35.8134328358209,0.9022222222222223,37.20056384742952,114,v1_position_percentile_900min
202526_atakan_karazor_vfb_stuttgart,2025-2026,Atakan Karazor,TUR,MF,MF,VfB Stuttgart,28,1996,28,22,1884,20.9333,0,1,0,0,0,5,1,7,2,0.286,0.0,0.0,67,0.616,84.0,12,6,3,1.82,37,29,8,0.38,-0.69,7,27,15,20,34,1,0,,,,,,,,,,,,,,Midfielder,미드필더,26-29,1,0.0,0.0478,0.0478,0.0,0.3344,0.0955,0.3344,1.2898,0.7166,0.9554,1.6242,0.0,True,True,Regular (900+ min),False,False,1.0,37.190298507462686,1.0,37.190298507462686,115,v1_position_percentile_900min
202526_anton_kade_fc_augsburg,2025-2026,Anton Kade,GER,"MF,FW",MF,FC Augsburg,21,2004,28,18,1743,19.3667,6,0,6,0,0,3,0,48,21,0.438,0.13,0.29,62,0.57,81.0,6,10,1,1.29,22,35,-13,-0.67,-0.47,22,14,13,20,18,10,0,,,,,,,,,,,,,,Midfielder,미드필더,U21,6,0.3098,0.0,0.3098,0.3098,2.4785,1.0843,1.136,0.7229,0.6713,1.0327,0.9294,0.125,True,True,Regular (900+ min),False,False,1.0,35.917910447761194,0.9683333333333334,36.363843283582085,116,v1_position_percentile_900min
202526_nicolai_remberg_hamburger_sv,2025-2026,Nicolai Remberg,GER,MF,MF,Hamburger SV,25,2000,32,32,2880,32.0,0,2,0,0,0,11,0,17,8,0.471,0.0,0.0,90,0.941,90.0,32,0,0,1.16,38,49,-11,-0.34,1.16,5,27,43,44,48,1,0,,,,,,,,,,,,,,Midfielder,미드필더,22-25,2,0.0,0.0625,0.0625,0.0,0.5312,0.25,0.1562,0.8438,1.3438,1.375,1.5,0.0,True,True,Regular (900+ min),False,False,1.0,36.23880597014925,1.0,36.23880597014925,117,v1_position_percentile_900min
202526_linton_maina_1_fc_koln,2025-2026,Linton Maina,GER,"MF,FW",MF,1. FC Köln,26,1999,24,9,1023,11.3667,2,0,2,0,0,0,0,20,8,0.4,0.1,0.25,43,0.334,70.0,0,15,4,0.92,15,24,-9,-0.79,-0.57,25,6,4,8,6,1,0,,,,,,,,,,,,,,Midfielder,미드필더,26-29,2,0.176,0.0,0.176,0.176,1.7595,0.7038,2.1994,0.5279,0.3519,0.7038,0.5279,0.1,True,True,Regular (900+ min),False,False,1.0,25.283582089552244,0.5683333333333334,35.95283582089552,118,v1_position_percentile_900min
202526_julian_niehues_1_fc_heidenheim,2025-2026,Julian Niehues,GER,MF,MF,1. FC Heidenheim,24,2001,24,17,1383,15.3667,3,0,3,0,0,1,0,18,5,0.278,0.17,0.6,58,0.452,71.0,4,7,10,0.88,24,30,-6,-0.39,0.95,3,10,23,10,9,2,0,,,,,,,,,,,,,,Midfielder,미드필더,22-25,3,0.1952,0.0,0.1952,0.1952,1.1714,0.3254,0.1952,0.6508,1.4967,0.6508,0.5857,0.1667,True,True,Regular (900+ min),False,False,1.0,31.350746268656714,0.7683333333333333,35.67115671641791,119,v1_position_percentile_900min
202526_patrick_osterhage_sc_freiburg,2025-2026,Patrick Osterhage,GER,MF,MF,SC Freiburg,25,2000,20,13,1189,13.2111,1,0,1,0,0,4,0,7,2,0.286,0.14,0.5,59,0.389,82.0,6,7,2,1.7,15,17,-2,-0.15,0.04,9,7,15,13,13,2,0,,,,,,,,,,,,,,Midfielder,미드필더,22-25,1,0.0757,0.0,0.0757,0.0757,0.5299,0.1514,0.6812,0.5299,1.1354,0.984,0.984,0.1429,True,True,Regular (900+ min),False,False,1.0,28.276119402985078,0.6605555555555556,35.650169983416255,120,v1_position_percentile_900min
202526_vinicius_souza_vfl_wolfsburg,2025-2026,Vinicius Souza,BRA,MF,MF,VfL Wolfsburg,26,1999,24,22,1764,19.6,0,0,0,0,0,5,0,9,2,0.222,0.0,0.0,74,0.576,80.0,12,2,8,0.88,24,35,-11,-0.56,0.34,4,32,25,40,23,0,0,,,,,,,,,,,,,,Midfielder,미드필더,26-29,0,0.0,0.0,0.0,0.0,0.4592,0.102,0.2041,1.6327,1.2755,2.0408,1.1735,0.0,True,True,Regular (900+ min),False,False,1.0,34.376865671641795,0.98,34.68932835820896,121,v1_position_percentile_900min
202526_ilyas_ansah_1_fc_union_berlin,2025-2026,Ilyas Ansah,GER,"MF,FW",MF,1. FC Union Berlin,20,2004,33,23,1892,21.0222,5,1,5,0,0,1,0,33,12,0.364,0.15,0.42,57,0.618,73.0,3,10,1,1.18,28,31,-3,-0.14,0.7,19,9,4,21,43,9,0,,,,,,,,,,,,,,Midfielder,미드필더,U21,6,0.2378,0.0476,0.2854,0.2378,1.5698,0.5708,0.9038,0.4281,0.1903,0.9989,2.0455,0.1515,True,True,Regular (900+ min),False,False,1.0,34.41044776119403,1.0,34.41044776119403,122,v1_position_percentile_900min
202526_james_sands_fc_st_pauli,2025-2026,James Sands,USA,MF,MF,FC St. Pauli,25,2000,24,23,1934,21.4889,1,0,1,0,0,4,0,16,4,0.25,0.06,0.25,81,0.632,84.0,15,1,0,1.0,17,34,-17,-0.79,0.33,9,23,41,26,38,0,0,,,,,,,,,,,,,,Midfielder,미드필더,22-25,1,0.0465,0.0,0.0465,0.0465,0.7446,0.1861,0.4188,1.0703,1.908,1.2099,1.7684,0.0625,True,True,Regular (900+ min),False,False,1.0,34.059701492537314,1.0,34.059701492537314,123,v1_position_percentile_900min
202526_maximilian_eggestein_sc_freiburg,2025-2026,Maximilian Eggestein,GER,MF,MF,SC Freiburg,28,1996,34,34,3060,34.0,3,1,3,0,0,4,0,44,13,0.295,0.07,0.23,90,1.0,90.0,34,0,0,1.38,51,57,-6,-0.18,,14,34,31,18,20,1,0,,,,,,,,,,,,,,Midfielder,미드필더,26-29,4,0.0882,0.0294,0.1176,0.0882,1.2941,0.3824,0.4118,1.0,0.9118,0.5294,0.5882,0.0682,True,True,Regular (900+ min),False,False,0.9846,33.90298507462686,1.0,33.90298507462686,124,v1_position_percentile_900min
202526_isak_johannesson_1_fc_koln,2025-2026,Ísak Jóhannesson,ISL,MF,MF,1. FC Köln,22,2003,31,21,1809,20.1,1,2,1,0,0,6,0,14,5,0.357,0.07,0.2,58,0.591,76.0,8,10,1,0.97,25,39,-14,-0.7,-0.7,65,15,8,14,5,2,0,,,,,,,,,,,,,,Midfielder,미드필더,22-25,3,0.0498,0.0995,0.1493,0.0498,0.6965,0.2488,3.2338,0.7463,0.398,0.6965,0.2488,0.0714,True,True,Regular (900+ min),False,False,1.0,33.73880597014926,1.0,33.73880597014926,125,v1_position_percentile_900min
202526_janik_haberer_1_fc_union_berlin,2025-2026,Janik Haberer,GER,MF,MF,1. FC Union Berlin,31,1994,28,20,1646,18.2889,0,1,0,0,0,8,0,11,1,0.091,0.0,0.0,59,0.538,74.0,7,8,4,1.0,17,39,-22,-1.2,-1.71,67,19,10,24,21,1,0,,,,,,,,,,,,,,Midfielder,미드필더,30+,1,0.0,0.0547,0.0547,0.0,0.6015,0.0547,3.6634,1.0389,0.5468,1.3123,1.1482,0.0,True,True,Regular (900+ min),False,False,1.0,32.20149253731343,0.9144444444444444,33.72425373134328,126,v1_position_percentile_900min
202526_yannick_gerhardt_vfl_wolfsburg,2025-2026,Yannick Gerhardt,GER,MF,MF,VfL Wolfsburg,31,1994,19,12,1068,11.8667,1,0,1,0,0,1,0,11,1,0.091,0.09,1.0,56,0.349,81.0,4,7,11,1.16,17,29,-12,-1.01,-0.47,8,8,10,20,14,0,0,,,,,,,,,,,,,,Midfielder,미드필더,30+,1,0.0843,0.0,0.0843,0.0843,0.927,0.0843,0.6742,0.6742,0.8427,1.6854,1.1798,0.0909,True,True,Regular (900+ min),False,False,1.0,22.40298507462687,0.5933333333333334,33.62577114427861,127,v1_position_percentile_900min
202526_leon_avdullahu_tsg_hoffenheim,2025-2026,Leon Avdullahu,KVX,MF,MF,TSG Hoffenheim,21,2004,33,32,2834,31.4889,0,1,0,0,0,5,0,14,2,0.143,0.0,0.0,86,0.926,88.0,27,1,0,1.85,63,44,19,0.6,2.99,15,30,33,27,12,1,0,,,,,,,,,,,,,,Midfielder,미드필더,U21,1,0.0,0.0318,0.0318,0.0,0.4446,0.0635,0.4764,0.9527,1.048,0.8574,0.3811,0.0,True,True,Regular (900+ min),False,False,1.0,32.604477611940304,1.0,32.604477611940304,128,v1_position_percentile_900min
202526_niklas_dorsch_1_fc_heidenheim,2025-2026,Niklas Dorsch,GER,MF,MF,1. FC Heidenheim,27,1998,32,27,2258,25.0889,0,1,0,0,0,2,0,14,3,0.214,0.0,0.0,71,0.738,79.0,10,5,1,0.81,28,51,-23,-0.92,-0.02,33,31,19,30,27,1,0,,,,,,,,,,,,,,Midfielder,미드필더,26-29,1,0.0,0.0399,0.0399,0.0,0.558,0.1196,1.3153,1.2356,0.7573,1.1957,1.0762,0.0,True,True,Regular (900+ min),False,False,1.0,31.507462686567166,1.0,31.507462686567166,129,v1_position_percentile_900min
202526_louis_oppie_fc_st_pauli,2025-2026,Louis Oppie,GER,MF,MF,FC St. Pauli,23,2002,23,17,1620,18.0,1,0,1,0,0,0,0,15,4,0.267,0.07,0.25,70,0.529,87.0,15,6,11,0.57,14,34,-20,-1.11,-0.42,58,19,11,15,15,4,0,,,,,,,,,,,,,,Midfielder,미드필더,22-25,1,0.0556,0.0,0.0556,0.0556,0.8333,0.2222,3.2222,1.0556,0.6111,0.8333,0.8333,0.0667,True,True,Regular (900+ min),False,False,1.0,29.34328358208956,0.9,31.408955223880604,130,v1_position_percentile_900min
202526_senne_lynen_werder_bremen,2025-2026,Senne Lynen,BEL,MF,MF,Werder Bremen,26,1999,31,31,2752,30.5778,0,0,0,0,0,4,0,25,4,0.16,0.0,0.0,89,0.899,89.0,26,0,0,0.9,33,54,-21,-0.69,-0.1,14,33,77,38,12,0,0,,,,,,,,,,,,,,Midfielder,미드필더,26-29,0,0.0,0.0,0.0,0.0,0.8176,0.1308,0.4578,1.0792,2.5182,1.2427,0.3924,0.0,True,True,Regular (900+ min),False,False,1.0,29.201492537313438,1.0,29.201492537313438,131,v1_position_percentile_900min
202526_han_noah_massengo_fc_augsburg,2025-2026,Han-Noah Massengo,FRA,MF,MF,FC Augsburg,24,2001,33,29,2427,26.9667,2,1,2,0,0,5,0,20,6,0.3,0.1,0.33,74,0.793,80.0,14,4,0,1.27,31,52,-21,-0.78,-1.49,17,18,36,25,23,0,0,,,,,,,,,,,,,,Midfielder,미드필더,22-25,3,0.0742,0.0371,0.1112,0.0742,0.7417,0.2225,0.6304,0.6675,1.335,0.9271,0.8529,0.1,True,True,Regular (900+ min),False,False,1.0,28.865671641791046,1.0,28.865671641791046,132,v1_position_percentile_900min
202526_arkadiusz_pyrka_fc_st_pauli,2025-2026,Arkadiusz Pyrka,POL,MF,MF,FC St. Pauli,22,2002,31,30,2576,28.6222,0,1,0,0,0,3,0,19,3,0.158,0.0,0.0,83,0.842,86.0,23,1,2,0.84,24,50,-26,-0.91,0.02,47,24,23,17,32,0,0,,,,,,,,,,,,,,Midfielder,미드필더,22-25,1,0.0,0.0349,0.0349,0.0,0.6638,0.1048,1.6421,0.8385,0.8036,0.5939,1.118,0.0,True,True,Regular (900+ min),False,False,1.0,27.985074626865675,1.0,27.985074626865675,133,v1_position_percentile_900min
202526_ellyes_skhiri_eintracht_frankfurt,2025-2026,Ellyes Skhiri,TUN,"MF,DF",MF,Eintracht Frankfurt,30,1995,25,16,1444,16.0444,0,0,0,0,0,3,1,8,0,0.0,0.0,,58,0.472,81.0,9,9,5,1.36,24,36,-12,-0.75,-1.19,3,8,25,11,13,0,0,,,,,,,,,,,,,,Midfielder,미드필더,30+,0,0.0,0.0,0.0,0.0,0.4986,0.0,0.187,0.4986,1.5582,0.6856,0.8102,0.0,True,True,Regular (900+ min),False,False,0.9846,19.638059701492537,0.8022222222222222,25.642976782752903,134,v1_position_percentile_900min
